# WaveFront *.obj file (generated by Cinema 4D)

mtllib ./chair.mtl

v -159.165802 20.453600 -147.487540
v -170.713089 74.683825 -129.254118
v -178.634293 72.788317 -127.477339
v -167.079254 18.474840 -145.788687
v -165.762360 15.685045 -142.505316
v -157.884293 17.725085 -144.306784
v -148.715485 109.489001 96.046823
v -149.939713 112.107897 93.003137
v -142.062454 114.142565 91.190866
v -140.802048 111.467516 94.347955
v -186.570435 94.858629 -143.159941
v -185.603714 88.125231 -147.994528
v -187.556854 86.123766 -145.030463
v -188.429947 92.144762 -140.755530
v -118.316345 -2.972181 89.144403
v -117.272903 -1.234632 97.607919
v -120.873856 0.639879 97.264261
v -121.820366 -0.936292 89.586633
v -168.189758 0.076159 -167.670172
v -166.564728 -0.965589 -160.183432
v -170.968521 8.349352 -170.609549
v -169.538193 3.868639 -170.607840
v -169.282089 17.277819 -147.632345
v -181.142487 73.239489 -128.805449
v -167.346619 13.264391 -142.927687
v -150.300095 109.694811 98.716913
v -131.131241 19.282946 68.340189
v -120.997749 4.623034 102.624033
v -149.758087 139.123766 143.748209
v -181.524216 77.717760 -124.132437
v -188.524765 95.603991 -136.029234
v -152.235565 113.708239 94.012262
v -131.135529 15.729235 62.916963
v -154.847412 2.223864 -162.282889
v -156.472443 3.265856 -169.769644
v -157.820877 7.058092 -172.707297
v -159.251221 11.539049 -172.708975
v -138.599396 112.665026 96.191217
v -119.430519 22.253161 65.814478
v -121.976593 22.902819 64.543756
v -109.280441 7.812487 100.524606
v -109.156540 3.829577 95.164819
v -138.040771 142.313463 141.648767
v -110.103065 2.253161 87.487192
v -169.823502 80.687731 -126.658148
v -176.712631 95.334460 -142.854971
v -176.807434 98.793688 -138.128676
v -171.079468 78.370836 -125.442496
v -178.976486 76.434557 -123.597487
v -169.441772 76.209704 -131.331152
v -175.839554 89.313463 -147.129904
v -157.581375 20.247790 -150.158072
v -155.645905 16.234606 -145.453398
v -119.434807 18.699206 60.391252
v -121.945625 20.123278 60.193147
v -140.534851 116.678454 91.486566
v -168.878647 9.665514 -173.851630
v -179.362930 89.824206 -149.112723
v -162.637848 11.364489 -174.969839
v -141.061752 145.400866 146.384790
v -111.214310 5.694079 103.418588
v -147.302521 143.702135 147.502985
v -117.455101 3.995348 104.536783
v -129.834778 18.162096 62.044786
v -129.894638 21.006335 66.335153
v -160.648422 5.300768 -174.647635
v -166.889221 3.602038 -173.529455
v -165.013702 -1.682386 -168.853888
v -111.032112 0.464098 96.489725
v -112.075554 -1.273451 88.026209
v -163.097244 -3.002210 -160.830618
v -158.772903 0.016344 -169.972067
v -156.856461 -1.303236 -161.948813
v -186.678101 98.733141 -137.874502
v -180.329651 96.557604 -144.278128
v -180.437317 100.432116 -138.992689
v 159.165802 20.453600 -147.487540
v 167.079254 18.474840 -145.788687
v 178.634293 72.788317 -127.477339
v 170.713089 74.683825 -129.254118
v 165.762360 15.685045 -142.505316
v 157.884293 17.725085 -144.306784
v 148.715485 109.489001 96.046823
v 140.802048 111.467516 94.347955
v 142.062454 114.142565 91.190866
v 149.939713 112.107897 93.003137
v 186.570435 94.858629 -143.159941
v 188.429947 92.144762 -140.755530
v 187.556854 86.123766 -145.030463
v 185.603714 88.125231 -147.994528
v 118.316345 -2.972181 89.144403
v 121.820366 -0.936292 89.586633
v 120.873856 0.639879 97.264261
v 117.272903 -1.234632 97.607919
v 168.189758 0.076159 -167.670172
v 169.538193 3.868639 -170.607840
v 170.968521 8.349352 -170.609549
v 166.564728 -0.965589 -160.183432
v 169.282089 17.277819 -147.632345
v 181.142487 73.239489 -128.805449
v 167.346619 13.264391 -142.927687
v 150.300095 109.694811 98.716913
v 149.758087 139.123766 143.748209
v 120.997749 4.623034 102.624033
v 131.131241 19.282946 68.340189
v 181.524216 77.717760 -124.132437
v 188.524765 95.603991 -136.029234
v 152.235565 113.708239 94.012262
v 131.135529 15.729235 62.916963
v 154.847412 2.223864 -162.282889
v 159.251221 11.539049 -172.708975
v 157.820877 7.058092 -172.707297
v 156.472443 3.265856 -169.769644
v 121.976593 22.902819 64.543756
v 119.430519 22.253161 65.814478
v 138.599396 112.665026 96.191217
v 109.280441 7.812487 100.524606
v 109.156540 3.829577 95.164819
v 138.040771 142.313463 141.648767
v 110.103065 2.253161 87.487192
v 176.712631 95.334460 -142.854971
v 169.823502 80.687731 -126.658148
v 176.807434 98.793688 -138.128676
v 178.976486 76.434557 -123.597487
v 171.079468 78.370836 -125.442496
v 175.839554 89.313463 -147.129904
v 169.441772 76.209704 -131.331152
v 157.581375 20.247790 -150.158072
v 155.645905 16.234606 -145.453398
v 119.434807 18.699206 60.391252
v 121.945625 20.123278 60.193147
v 140.534851 116.678454 91.486566
v 168.878647 9.665514 -173.851630
v 162.637848 11.364489 -174.969839
v 179.362930 89.824206 -149.112723
v 111.214310 5.694079 103.418588
v 141.061752 145.400866 146.384790
v 117.455101 3.995348 104.536783
v 147.302521 143.702135 147.502985
v 129.894638 21.006335 66.335153
v 129.834778 18.162096 62.044786
v 160.648422 5.300768 -174.647635
v 166.889221 3.602038 -173.529455
v 165.013702 -1.682386 -168.853888
v 111.032112 0.464098 96.489725
v 112.075554 -1.273451 88.026209
v 163.097244 -3.002210 -160.830618
v 156.856461 -1.303236 -161.948813
v 158.772903 0.016344 -169.972067
v 186.678101 98.733141 -137.874502
v 180.329651 96.557604 -144.278128
v 180.437317 100.432116 -138.992689
v 28.036852 -231.522718 -20.970518
v 34.655457 -231.522718 -0.600554
v 0.000000 -231.522718 -0.600554
v 28.036852 -212.364515 -20.970518
v 34.655457 -212.364515 -0.600554
v 0.000000 -212.364515 -0.600554
v 10.709125 -231.522718 -33.559851
v 10.709125 -212.364515 -33.559851
v -10.709125 -231.522718 -33.559851
v -10.709125 -212.364515 -33.559851
v -28.036852 -231.522718 -20.970518
v -28.036852 -212.364515 -20.970518
v -34.655457 -231.522718 -0.600554
v -34.655457 -212.364515 -0.600554
v -28.036852 -231.522718 19.769403
v -28.036852 -212.364515 19.769403
v -10.709125 -231.522718 32.358743
v -10.709125 -212.364515 32.358743
v 10.709125 -231.522718 32.358743
v 10.709125 -212.364515 32.358743
v 28.036852 -231.522718 19.769403
v 28.036852 -212.364515 19.769403
v 10.924738 -29.442640 18.740144
v 19.128372 -29.442640 10.704881
v 40.970016 -15.790540 24.249193
v 23.535019 -15.790540 42.199594
v 27.443855 -291.753431 -0.271502
v 23.729345 -291.753431 -14.134245
v 19.128372 -29.442640 -11.247885
v 22.131109 -29.442640 -0.271502
v 23.729345 -291.753431 13.591242
v -0.281632 -29.442640 21.681261
v -0.281632 -15.790540 48.769891
v 13.581111 -291.753431 -24.282481
v 10.924738 -29.442640 -19.283156
v -11.488002 -29.442640 18.740144
v -24.098282 -15.790540 42.199594
v -19.691635 -29.442640 10.704881
v -41.533279 -15.790540 24.249193
v -0.281632 -291.753431 -27.996989
v -0.281632 -29.442640 -22.224268
v 13.581111 -291.753431 23.739465
v -22.694372 -29.442640 -0.271502
v -47.914932 -15.790540 -0.271502
v -14.144375 -291.753431 -24.282481
v -11.488002 -29.442640 -19.283156
v -19.691635 -29.442640 -11.247885
v -41.533279 -15.790540 -24.792200
v -24.098282 -15.790540 -42.742598
v -24.292608 -291.753431 -14.134245
v -0.281632 -291.753431 27.453981
v -0.281632 -15.790540 -49.312901
v -28.007118 -291.753431 -0.271502
v 23.535019 -15.790540 -42.742598
v 40.970016 -15.790540 -24.792200
v -24.292608 -291.753431 13.591242
v -14.144375 -291.753431 23.739465
v 47.351665 -15.790540 -0.271502
v 98.483116 -314.613783 -25.463122
v 88.442024 -314.613783 -50.818165
v 73.041023 -314.613783 -69.923819
v 50.942993 -314.613783 -87.820891
v 26.944998 -314.613783 -96.765692
v -0.281632 -314.613783 -101.364828
v -24.829540 -314.613783 -97.467810
v -51.506256 -314.613783 -87.820891
v -72.370003 -314.613783 -71.126967
v -89.005287 -314.613783 -50.818165
v -98.611626 -314.613783 -27.025645
v -102.730873 -314.613783 -0.271502
v -99.316017 -314.613783 23.899088
v -89.005287 -314.613783 50.275156
v -72.893021 -314.613783 70.066538
v -51.506256 -314.613783 87.277887
v -27.555592 -314.613783 96.203867
v -0.281632 -314.613783 100.821817
v 23.832626 -314.613783 97.036661
v 50.942993 -314.613783 87.277887
v 70.569672 -314.613783 71.801325
v 88.442024 -314.613783 50.275156
v 97.800583 -314.613783 27.415094
v 102.167610 -314.613783 -0.271502
v 72.748138 -321.795667 -70.211184
v 88.442024 -321.795667 -50.818165
v 98.494858 -321.795667 -25.420126
v 102.167610 -321.795667 -0.271502
v 97.788025 -321.795667 27.461084
v 88.442024 -321.795667 50.275156
v 70.523438 -321.795667 71.846689
v 23.590588 -321.795667 97.100275
v -0.281632 -321.795667 100.821817
v -27.605013 -321.795667 96.190866
v -51.506256 -321.795667 87.277887
v -72.909683 -321.795667 70.050180
v -89.005287 -321.795667 50.275156
v -99.262756 -321.795667 24.094125
v -102.730873 -321.795667 -0.271502
v -98.544586 -321.795667 -27.271101
v -89.005287 -321.795667 -50.818165
v -72.340508 -321.795667 -71.155905
v -51.506256 -321.795667 -87.820891
v -24.803457 -321.795667 -97.474669
v -0.281632 -321.795667 -101.364828
v 26.975281 -321.795667 -96.757727
v 50.942993 -321.795667 -87.820891
v 50.942993 -321.795667 87.277887
v 32.088886 -291.597425 -0.839369
v 28.820858 -291.597425 -15.157530
v 28.132582 -289.246107 -14.826071
v 31.324957 -289.246107 -0.839369
v 26.330645 -287.793226 -13.958308
v 29.324957 -287.793226 -0.839369
v 24.103325 -287.793226 -12.885687
v 26.852818 -287.793226 -0.839369
v 22.301388 -289.246107 -12.017920
v 24.852819 -289.246107 -0.839369
v -21.009972 -293.948499 24.363802
v -8.084312 -293.948499 30.588472
v -8.254303 -291.597425 31.333254
v -21.486277 -291.597425 24.961069
v 6.432077 -291.597425 31.333254
v 6.262088 -289.246107 30.588472
v -8.084312 -289.246107 30.588472
v 28.132582 -293.948499 13.147340
v 31.324957 -293.948499 -0.839369
v 28.820858 -291.597425 13.478800
v -18.221642 -287.793226 20.867349
v -7.089168 -287.793226 26.228464
v -6.644127 -289.246107 24.278612
v -16.974661 -289.246107 19.303682
v -19.762993 -287.793226 22.800142
v -7.639271 -287.793226 28.638620
v 28.132582 -293.948499 -14.826071
v 19.664051 -291.597425 -26.639807
v 19.187748 -289.246107 -26.042540
v 17.940767 -287.793226 -24.478876
v 16.399416 -287.793226 -22.546084
v 15.152436 -289.246107 -20.982420
v -21.009972 -289.246107 24.363802
v 24.103325 -287.793226 11.206949
v 22.301388 -289.246107 10.339182
v 26.330645 -287.793226 12.279573
v 28.132582 -289.246107 13.147340
v 19.187748 -293.948499 -26.042540
v 6.432077 -291.597425 -33.011990
v 6.262088 -289.246107 -32.267210
v 5.817046 -287.793226 -30.317354
v 5.266944 -287.793226 -27.907198
v 4.821902 -289.246107 -25.957342
v -29.954805 -293.948499 13.147340
v -30.643085 -291.597425 13.478800
v 5.817046 -287.793226 28.638620
v 19.187748 -293.948499 24.363802
v 19.664051 -291.597425 24.961069
v 5.266944 -287.793226 26.228464
v 6.262088 -293.948499 -32.267210
v -8.254303 -291.597425 -33.011990
v -8.084312 -289.246107 -32.267210
v -7.639271 -287.793226 -30.317354
v -7.089168 -287.793226 -27.907198
v -6.644127 -289.246107 -25.957342
v 4.821902 -289.246107 24.278612
v -25.925549 -287.793226 11.206949
v -24.123613 -289.246107 10.339182
v -28.152868 -287.793226 12.279573
v 16.399416 -287.793226 20.867349
v 15.152436 -289.246107 19.303682
v 17.940767 -287.793226 22.800142
v -8.084312 -293.948499 -32.267210
v -21.486277 -291.597425 -26.639807
v -21.009972 -289.246107 -26.042540
v -19.762993 -287.793226 -24.478876
v -18.221642 -287.793226 -22.546084
v -16.974661 -289.246107 -20.982420
v -29.954805 -289.246107 13.147340
v 19.187748 -289.246107 24.363802
v 6.262088 -293.948499 30.588472
v -21.009972 -293.948499 -26.042540
v -30.643085 -291.597425 -15.157530
v -29.954805 -289.246107 -14.826071
v -28.152868 -287.793226 -13.958308
v -25.925549 -287.793226 -12.885687
v -24.123613 -289.246107 -12.017920
v -33.147179 -293.948499 -0.839369
v -33.911114 -291.597425 -0.839369
v -28.675041 -287.793226 -0.839369
v -26.675043 -289.246107 -0.839369
v -31.147181 -287.793226 -0.839369
v -29.954805 -293.948499 -14.826071
v -33.147179 -289.246107 -0.839369
v -76.172989 240.228258 167.246057
v -102.380165 154.413317 140.095453
v -135.042923 145.959704 137.420831
v -102.035400 249.870104 170.296610
v -98.620766 257.408190 172.681604
v -94.530991 261.735094 174.050516
v -91.496376 262.896227 174.417871
v 91.496376 262.896227 174.417871
v 94.530991 261.735094 174.050516
v 98.620766 257.408190 172.681604
v 102.035400 249.870104 170.296610
v 135.042923 145.959704 137.420831
v 102.380165 154.413317 140.095453
v 77.260162 240.813219 166.948099
v 73.172997 243.091051 167.624643
v -73.172997 243.091051 168.151834
v 105.487633 248.037340 179.817270
v 102.035400 245.870104 182.938959
v 135.042923 141.959704 150.063165
v 138.792068 143.192370 146.645746
v 96.729561 261.588366 184.104562
v 94.530991 257.735094 186.692850
v 98.620766 253.408434 185.323938
v 101.686890 256.363268 182.451456
v 76.172989 235.688952 179.717722
v 102.380165 149.874010 152.567117
v 91.496376 258.896227 187.060205
v -91.496376 258.896227 187.060205
v -94.530991 257.735094 186.692850
v -98.620766 253.408434 185.323938
v -102.035400 245.870104 182.938959
v -135.042923 141.959704 150.063165
v -102.380165 149.874010 152.567117
v -76.172989 235.688952 179.717722
v -73.172997 238.551745 180.623499
v 73.172997 238.551745 180.623499
v 91.754265 265.259264 178.972879
v -91.754265 265.259264 178.972879
v -91.754265 263.449450 184.693384
v 91.754265 263.449450 184.693384
v 96.729561 263.398180 178.384073
v 104.949486 -1.225355 94.660913
v 138.792068 145.002184 140.925241
v 104.949486 -3.035169 100.381433
v -71.773544 240.411852 169.411432
v -74.268211 238.535143 168.863107
v -99.380173 151.550524 139.189691
v -102.033150 3.330553 92.294977
v -105.487633 249.847399 174.096765
v -138.792068 145.002184 140.925241
v -138.792068 143.192370 146.645746
v -105.487633 248.037340 179.817270
v 71.516518 237.284411 177.927408
v -71.836891 237.284411 177.927408
v 71.453171 240.411852 169.411432
v -101.686890 256.363268 182.451456
v -98.542000 152.817858 141.885767
v 98.542000 152.817858 141.885767
v 99.380173 151.550524 139.189691
v -101.686890 258.173327 176.730966
v 74.268211 238.535143 168.863107
v 74.346710 235.306627 177.345285
v -98.478645 149.690417 150.401743
v 98.478645 149.690417 150.401743
v -74.346710 235.306627 177.345285
v -100.037758 154.343981 142.303110
v -99.994698 151.082018 150.773905
v -99.380173 147.011217 151.661340
v 99.380173 147.011217 151.661340
v -104.949486 -1.225355 94.660913
v -104.949486 -3.035169 100.381433
v -96.729561 263.398180 178.384073
v 102.033150 -0.669203 104.937326
v -102.033150 -0.669203 104.937326
v 101.686890 258.173327 176.730966
v -96.729561 261.588366 184.104562
v 99.994698 151.082018 150.773905
v 100.037758 154.343981 142.303110
v 105.487633 249.847399 174.096765
v 102.033150 3.330553 92.294977
v -95.039627 -4.695814 101.383234
v -117.394875 -4.695814 83.120523
v -110.375206 -4.695814 93.540125
v -105.176933 -4.695814 98.079233
v 159.439774 -4.695814 -143.758719
v 159.519348 -4.695814 -153.456991
v 154.640930 -4.695814 -164.815634
v 117.394875 -4.695814 83.120523
v 95.039627 -4.695814 101.383234
v 105.176933 -4.695814 98.079233
v 110.375206 -4.695814 93.540125
v -159.439774 -4.695814 -143.758719
v -42.735817 -4.695814 -218.756201
v -89.579803 -4.695814 -221.731528
v -154.640930 -4.695814 -164.815634
v 42.735817 -4.695814 -218.756201
v 89.579803 -4.695814 -221.731528
v 73.749779 -4.695814 -221.718237
v 87.667801 -4.695814 -222.986990
v 83.398590 -4.695814 -223.395361
v -73.749779 -4.695814 -221.718237
v -83.398590 -4.695814 -223.395361
v -87.667801 -4.695814 -222.986990
v -159.649124 -4.741468 -153.344214
v -159.439774 -16.955824 -143.758719
v -159.659927 -16.955824 -152.771902
v -154.640930 -16.955824 -164.815634
v -117.394875 -16.955824 83.120523
v 117.394875 -16.955824 83.120523
v 95.039627 -16.955824 101.383234
v -95.039627 -16.955824 101.383234
v -106.737160 -7.325941 100.208399
v -112.199654 -7.325941 95.438562
v -112.199654 -14.325941 95.438562
v -106.737160 -14.325941 100.208399
v -88.486771 -14.325941 -225.489340
v -83.163605 -14.325941 -226.019858
v -83.398590 -16.955824 -223.395361
v -87.667801 -16.955824 -222.986990
v 42.533417 -14.325941 -221.378836
v 73.373230 -14.325941 -224.324240
v 73.749779 -16.955824 -221.718237
v 42.735817 -16.955824 -218.756201
v -83.163605 -7.325941 -226.019858
v -88.486771 -7.325941 -225.489340
v -119.963516 -7.325941 83.693247
v -162.051071 -7.325941 -143.416128
v 83.163605 -14.325941 -226.019858
v 83.398590 -16.955824 -223.395361
v -95.264206 -7.325941 104.008905
v -162.051071 -14.325941 -143.416128
v -119.963516 -14.325941 83.693247
v -95.264206 -14.325941 104.008905
v 88.486771 -14.325941 -225.489340
v 87.667801 -16.955824 -222.986990
v 156.883377 -14.325941 -166.197394
v 162.070938 -14.325941 -154.106283
v 159.519348 -16.955824 -153.456991
v 154.640930 -16.955824 -164.815634
v 91.655205 -7.325941 -223.353705
v 88.486771 -7.325941 -225.489340
v -73.373230 -7.325941 -224.324240
v -42.533417 -7.325941 -221.378836
v 106.737160 -7.325941 100.208399
v 106.737160 -14.325941 100.208399
v 112.199654 -14.325941 95.438562
v 112.199654 -7.325941 95.438562
v 119.963516 -14.325941 83.693247
v 110.375206 -16.955824 93.540125
v 162.051071 -14.325941 -143.416128
v 159.439774 -16.955824 -143.758719
v 119.963516 -7.325941 83.693247
v -42.533417 -14.325941 -221.378836
v -42.735817 -16.955824 -218.756201
v -73.749779 -16.955824 -221.718237
v -73.373230 -14.325941 -224.324240
v 162.051071 -7.325941 -143.416128
v -110.375206 -16.955824 93.540125
v -162.262573 -7.325941 -153.172247
v -162.262573 -14.325941 -153.172247
v 162.070938 -7.325941 -154.106283
v -156.883377 -7.325941 -166.197394
v -91.655205 -7.325941 -223.353705
v -91.655205 -14.325941 -223.353705
v -156.883377 -14.325941 -166.197394
v 156.883377 -7.325941 -166.197394
v 91.655205 -14.325941 -223.353705
v 95.264206 -14.325941 104.008905
v 105.176933 -16.955824 98.079233
v 83.163605 -7.325941 -226.019858
v 73.373230 -7.325941 -224.324240
v 42.533417 -7.325941 -221.378836
v 89.579803 -16.955824 -221.731528
v -89.579803 -16.955824 -221.731528
v 95.264206 -7.325941 104.008905
v -105.176933 -16.955824 98.079233
# 518 vertices

vn 0.300618 -0.478751 0.824880
vn 0.299352 -0.475647 0.827133
vn 0.266606 -0.256088 0.929161
vn 0.263897 -0.257267 0.929609
vn -0.044966 0.750767 0.659034
vn -0.043103 0.749649 0.660430
vn -0.046827 0.751880 0.657635
vn 0.044299 -0.750909 -0.658918
vn 0.041372 -0.749085 -0.661180
vn 0.047225 -0.752720 -0.656645
vn -0.864684 0.131227 -0.484872
vn -0.854771 0.065635 -0.514838
vn -0.883395 0.251209 -0.395611
vn -0.888757 0.306741 -0.340618
vn -0.459892 -0.821763 0.336460
vn -0.444539 -0.780190 0.440101
vn -0.476140 -0.859690 0.185000
vn -0.484736 -0.863906 0.136738
vn -0.952605 -0.270512 0.139166
vn -0.950784 -0.258820 0.170356
vn -0.953365 -0.281929 0.107752
vn -0.951694 -0.303782 0.044665
vn -0.950785 -0.258818 0.170356
vn -0.950786 -0.258816 0.170357
vn -0.950785 -0.258820 0.170355
vn -0.950784 -0.258821 0.170355
vn -0.950403 -0.258615 0.172778
vn -0.950784 -0.258822 0.170356
vn -0.950505 -0.256354 0.175563
vn -0.952328 -0.249666 0.175324
vn -0.950785 -0.258819 0.170357
vn -0.950784 -0.258821 0.170356
vn -0.952847 -0.249932 0.172093
vn -0.952621 -0.252136 0.170120
vn -0.950784 -0.258822 0.170355
vn -0.950787 -0.258814 0.170352
vn -0.950795 -0.258790 0.170344
vn -0.471732 -0.475425 0.742590
vn -0.468082 -0.576234 0.669965
vn -0.478034 -0.369820 0.796691
vn -0.470189 -0.369321 0.801576
vn 0.955094 0.252249 -0.155454
vn 0.962513 0.202212 -0.180774
vn 0.952539 0.256202 -0.164408
vn 0.949101 0.273145 -0.156843
vn 0.478209 0.578391 -0.660893
vn 0.470234 0.369046 -0.801676
vn 0.479511 0.369446 -0.795977
vn 0.476935 0.583552 -0.657267
vn 0.950785 0.258818 -0.170356
vn 0.950281 0.258547 -0.173549
vn 0.950785 0.258817 -0.170356
vn 0.950513 0.256362 -0.175507
vn 0.952316 0.249745 -0.175277
vn 0.950786 0.258816 -0.170357
vn 0.952601 0.252204 -0.170129
vn 0.950785 0.258819 -0.170356
vn 0.950785 0.258818 -0.170356
vn 0.307516 -0.855743 0.416098
vn 0.306720 -0.857648 0.412750
vn 0.950785 0.258820 -0.170355
vn 0.950785 0.258819 -0.170355
vn 0.950784 0.258820 -0.170357
vn 0.950784 0.258819 -0.170358
vn 0.950785 0.258816 -0.170357
vn 0.499829 0.834263 -0.232756
vn 0.472540 0.803341 -0.362421
vn 0.564129 0.824279 0.048198
vn 0.613303 0.765778 0.193505
vn 0.952826 0.250019 -0.172084
vn 0.891346 -0.442511 0.098421
vn 0.904606 -0.360272 0.227798
vn 0.849686 -0.474795 -0.229354
vn 0.793609 -0.432844 -0.427587
vn -0.257228 0.352737 -0.899672
vn -0.273877 0.444792 -0.852732
vn -0.196814 0.079800 -0.977188
vn -0.196814 0.079800 -0.977188
vn 0.712001 -0.365673 -0.599448
vn 0.706225 -0.368250 -0.604681
vn -0.820461 -0.081663 -0.565839
vn -0.784700 -0.173964 -0.594964
vn -0.640182 -0.692397 -0.332796
vn -0.646889 -0.687027 -0.330951
vn -0.615745 -0.771660 -0.159371
vn -0.556199 -0.830634 0.026271
vn 0.889895 -0.189925 0.414748
vn 0.880224 -0.086337 0.466638
vn 0.839317 0.012718 0.543494
vn 0.848756 0.019927 0.528409
vn 0.871501 -0.121718 0.475048
vn 0.881333 -0.254955 0.397806
vn 0.234079 -0.239757 0.942191
vn 0.234079 -0.239757 0.942191
vn 0.271566 -0.431358 0.860339
vn 0.297787 -0.611418 0.733138
vn -0.289031 0.922453 -0.256012
vn -0.288710 0.923738 -0.251701
vn -0.313737 0.794292 -0.520260
vn -0.308957 0.790714 -0.528504
vn -0.824251 0.477697 0.303999
vn -0.774899 0.432415 0.461030
vn -0.877160 0.480147 0.007041
vn -0.896496 0.425814 -0.122379
vn -0.243892 0.969304 0.031100
vn -0.239221 0.970487 0.030462
vn -0.709425 0.367705 0.601256
vn -0.706291 0.374004 0.601061
vn 0.856000 0.007994 0.516915
vn 0.860365 0.011880 0.509539
vn -0.467401 -0.745727 0.474792
vn -0.486730 -0.805024 0.339161
vn -0.267365 0.255477 -0.929111
vn -0.263697 0.256183 -0.929964
vn -0.271028 0.254767 -0.928244
vn -0.900844 0.253727 -0.352282
vn -0.891756 0.120200 -0.436260
vn 0.638732 0.693541 0.333200
vn 0.641895 0.693383 0.327400
vn -0.855049 -0.007423 -0.518495
vn -0.860285 -0.011148 -0.509691
vn 0.268722 -0.955516 0.121566
vn 0.274221 -0.954049 0.120807
vn 0.515907 0.257803 -0.816931
vn 0.610152 -0.116442 -0.783681
vn 0.595435 -0.107641 -0.796160
vn 0.524946 0.269987 -0.807180
vn -0.055949 -0.397373 -0.915950
vn -0.055949 -0.397373 -0.915950
vn -0.559252 -0.780609 -0.279082
vn -0.676247 -0.465916 -0.570624
vn -0.675974 -0.455756 -0.579090
vn -0.544938 -0.783901 -0.297561
vn 0.867751 -0.493859 -0.055783
vn 0.861123 -0.497562 -0.104402
vn 0.885158 -0.455004 0.097299
vn 0.885281 -0.418778 0.202242
vn 0.170079 -0.895505 -0.411272
vn 0.107345 -0.790914 -0.602438
vn 0.233457 -0.959870 -0.155394
vn 0.244525 -0.964418 -0.100528
vn 0.266369 -0.963604 0.022691
vn 0.276718 -0.956620 0.091129
vn -0.510502 -0.349956 0.785442
vn -0.528416 -0.350679 0.773175
vn -0.492278 -0.488136 0.720684
vn -0.458989 -0.617694 0.638578
vn -0.889721 0.420169 -0.178478
vn -0.892858 0.445772 -0.063967
vn 0.846241 -0.499594 -0.185155
vn 0.826812 -0.514477 -0.227367
vn 0.454257 0.785922 -0.419496
vn 0.479913 0.820075 -0.311706
vn 0.456696 0.673916 -0.580746
vn 0.462236 0.617523 -0.636398
vn 0.300693 -0.903340 0.305877
vn 0.308694 -0.838478 0.449069
vn -0.498451 -0.865341 0.052265
vn -0.497309 -0.867393 0.017699
vn 0.759141 -0.484168 -0.435070
vn 0.698239 -0.429398 -0.572783
vn -0.876131 0.479877 0.045973
vn -0.898481 0.435326 0.056780
vn -0.298342 0.616116 -0.728968
vn -0.305776 0.694682 -0.651090
vn 0.484645 0.851472 -0.200284
vn 0.526180 0.825853 -0.202736
vn -0.307941 0.850474 -0.426457
vn -0.297711 0.915488 -0.270648
vn 0.477233 0.496532 -0.725054
vn 0.491734 0.430972 -0.756611
vn -0.279598 0.953599 -0.111687
vn -0.279582 0.953603 -0.111690
vn -0.300618 -0.478751 0.824880
vn -0.263897 -0.257267 0.929609
vn -0.266606 -0.256088 0.929161
vn -0.299352 -0.475647 0.827133
vn 0.044966 0.750767 0.659035
vn 0.046827 0.751880 0.657635
vn 0.043104 0.749650 0.660430
vn -0.044299 -0.750909 -0.658918
vn -0.047225 -0.752720 -0.656645
vn -0.041372 -0.749085 -0.661180
vn 0.864684 0.131227 -0.484872
vn 0.888757 0.306741 -0.340618
vn 0.883395 0.251209 -0.395611
vn 0.854771 0.065635 -0.514838
vn 0.459892 -0.821763 0.336460
vn 0.484735 -0.863907 0.136738
vn 0.476140 -0.859690 0.185000
vn 0.444539 -0.780190 0.440101
vn 0.952605 -0.270512 0.139166
vn 0.951694 -0.303782 0.044665
vn 0.953365 -0.281929 0.107752
vn 0.950784 -0.258820 0.170356
vn 0.950785 -0.258818 0.170356
vn 0.950785 -0.258820 0.170355
vn 0.950786 -0.258816 0.170357
vn 0.950784 -0.258821 0.170355
vn 0.950403 -0.258615 0.172778
vn 0.952328 -0.249666 0.175324
vn 0.950505 -0.256354 0.175563
vn 0.950784 -0.258822 0.170355
vn 0.950785 -0.258819 0.170357
vn 0.950784 -0.258821 0.170356
vn 0.952847 -0.249932 0.172093
vn 0.952621 -0.252136 0.170120
vn 0.950787 -0.258814 0.170352
vn 0.950784 -0.258822 0.170355
vn 0.950795 -0.258790 0.170344
vn 0.471732 -0.475425 0.742590
vn 0.470189 -0.369321 0.801576
vn 0.478034 -0.369821 0.796691
vn 0.468082 -0.576234 0.669965
vn -0.955094 0.252249 -0.155454
vn -0.949101 0.273145 -0.156843
vn -0.952539 0.256202 -0.164407
vn -0.962513 0.202212 -0.180774
vn -0.478209 0.578391 -0.660893
vn -0.476935 0.583552 -0.657267
vn -0.479511 0.369446 -0.795977
vn -0.470234 0.369046 -0.801676
vn -0.950785 0.258818 -0.170356
vn -0.950785 0.258817 -0.170356
vn -0.950281 0.258547 -0.173549
vn -0.950513 0.256362 -0.175507
vn -0.952316 0.249745 -0.175277
vn -0.950786 0.258816 -0.170357
vn -0.952601 0.252204 -0.170129
vn -0.950785 0.258818 -0.170356
vn -0.950785 0.258819 -0.170356
vn -0.307516 -0.855743 0.416098
vn -0.306720 -0.857648 0.412750
vn -0.950785 0.258820 -0.170355
vn -0.950785 0.258819 -0.170355
vn -0.950784 0.258820 -0.170357
vn -0.950784 0.258819 -0.170358
vn -0.950785 0.258816 -0.170357
vn -0.499829 0.834263 -0.232756
vn -0.613303 0.765778 0.193505
vn -0.564129 0.824279 0.048198
vn -0.472540 0.803341 -0.362421
vn -0.952826 0.250020 -0.172084
vn -0.891346 -0.442510 0.098421
vn -0.793609 -0.432844 -0.427587
vn -0.849686 -0.474794 -0.229354
vn -0.904606 -0.360272 0.227798
vn 0.257228 0.352737 -0.899672
vn 0.196814 0.079800 -0.977188
vn 0.196814 0.079800 -0.977188
vn 0.273877 0.444792 -0.852732
vn -0.706225 -0.368250 -0.604681
vn -0.712001 -0.365673 -0.599448
vn 0.820461 -0.081663 -0.565839
vn 0.784700 -0.173964 -0.594964
vn 0.640182 -0.692397 -0.332796
vn 0.556199 -0.830634 0.026271
vn 0.615745 -0.771660 -0.159371
vn 0.646889 -0.687027 -0.330951
vn -0.889895 -0.189925 0.414748
vn -0.880224 -0.086337 0.466638
vn -0.839317 0.012718 0.543494
vn -0.881333 -0.254955 0.397806
vn -0.871501 -0.121718 0.475048
vn -0.848757 0.019927 0.528408
vn -0.234079 -0.239757 0.942191
vn -0.297787 -0.611418 0.733138
vn -0.271566 -0.431358 0.860339
vn -0.234079 -0.239757 0.942191
vn 0.289031 0.922453 -0.256012
vn 0.308957 0.790714 -0.528504
vn 0.313737 0.794292 -0.520259
vn 0.288710 0.923739 -0.251701
vn 0.824251 0.477697 0.303999
vn 0.896496 0.425814 -0.122379
vn 0.877160 0.480147 0.007041
vn 0.774899 0.432415 0.461030
vn 0.239221 0.970487 0.030462
vn 0.243892 0.969304 0.031100
vn 0.709425 0.367705 0.601256
vn 0.706291 0.374004 0.601061
vn -0.856000 0.007994 0.516915
vn -0.860366 0.011880 0.509539
vn 0.467401 -0.745727 0.474792
vn 0.486730 -0.805024 0.339161
vn 0.267365 0.255477 -0.929111
vn 0.271028 0.254767 -0.928244
vn 0.263697 0.256184 -0.929965
vn 0.891756 0.120200 -0.436260
vn 0.900844 0.253727 -0.352282
vn -0.641895 0.693383 0.327400
vn -0.638732 0.693541 0.333200
vn 0.860285 -0.011148 -0.509692
vn 0.855049 -0.007423 -0.518495
vn -0.268722 -0.955516 0.121566
vn -0.274221 -0.954049 0.120807
vn -0.515907 0.257803 -0.816931
vn -0.524945 0.269987 -0.807180
vn -0.595435 -0.107641 -0.796160
vn -0.610152 -0.116442 -0.783681
vn 0.055949 -0.397373 -0.915950
vn 0.055949 -0.397373 -0.915950
vn 0.559252 -0.780609 -0.279082
vn 0.544938 -0.783901 -0.297561
vn 0.675974 -0.455756 -0.579090
vn 0.676247 -0.465916 -0.570624
vn -0.867751 -0.493859 -0.055783
vn -0.885281 -0.418778 0.202242
vn -0.885158 -0.455004 0.097299
vn -0.861123 -0.497562 -0.104402
vn -0.170079 -0.895505 -0.411272
vn -0.244525 -0.964418 -0.100528
vn -0.233457 -0.959870 -0.155394
vn -0.107345 -0.790914 -0.602438
vn -0.276718 -0.956620 0.091129
vn -0.266369 -0.963604 0.022691
vn 0.510502 -0.349956 0.785441
vn 0.458989 -0.617694 0.638578
vn 0.492278 -0.488136 0.720684
vn 0.528416 -0.350679 0.773175
vn 0.892858 0.445772 -0.063967
vn 0.889721 0.420169 -0.178478
vn -0.846241 -0.499593 -0.185155
vn -0.826812 -0.514477 -0.227367
vn -0.454257 0.785922 -0.419496
vn -0.462236 0.617524 -0.636398
vn -0.456696 0.673916 -0.580746
vn -0.479914 0.820075 -0.311705
vn -0.308694 -0.838478 0.449069
vn -0.300693 -0.903340 0.305877
vn 0.497309 -0.867393 0.017699
vn 0.498451 -0.865341 0.052265
vn -0.759141 -0.484168 -0.435070
vn -0.698239 -0.429398 -0.572783
vn 0.898481 0.435326 0.056780
vn 0.876131 0.479877 0.045973
vn 0.298342 0.616116 -0.728968
vn 0.305776 0.694682 -0.651090
vn -0.484645 0.851472 -0.200284
vn -0.526180 0.825853 -0.202736
vn 0.307941 0.850474 -0.426457
vn 0.297711 0.915488 -0.270647
vn -0.491734 0.430972 -0.756611
vn -0.477233 0.496532 -0.725054
vn 0.279599 0.953599 -0.111687
vn 0.279583 0.953603 -0.111690
vn 0.000000 -1.000000 0.000000
vn 0.867604 0.000000 -0.497255
vn 0.741023 0.000000 -0.671480
vn 0.994186 0.000000 -0.107677
vn 0.994186 0.000000 0.107677
vn 0.000000 1.000000 0.000000
vn 0.409627 0.000000 -0.912253
vn 0.204814 0.000000 -0.978801
vn -0.204814 0.000000 -0.978801
vn -0.409627 0.000000 -0.912253
vn -0.741023 0.000000 -0.671480
vn -0.867604 0.000000 -0.497255
vn -0.994186 0.000000 -0.107677
vn -0.994186 0.000000 0.107677
vn -0.867604 0.000000 0.497255
vn -0.741023 0.000000 0.671480
vn 0.000000 1.000000 0.000000
vn -0.409627 0.000000 0.912253
vn -0.204814 0.000000 0.978801
vn 0.204814 0.000000 0.978801
vn 0.409627 0.000000 0.912253
vn 0.741023 0.000000 0.671480
vn 0.867604 0.000000 0.497255
vn 0.000000 1.000000 0.000000
vn 0.384673 -0.883608 0.266953
vn 0.429200 -0.880883 0.199582
vn 0.266456 -0.886965 0.377218
vn 0.195122 -0.890006 0.412088
vn 0.904718 0.020453 -0.425520
vn 0.815911 0.020825 -0.577802
vn 0.995672 0.020244 -0.090707
vn 0.995823 0.020267 0.089027
vn 0.906136 0.020465 0.422491
vn 0.814934 0.020862 0.579178
vn 0.041700 -0.891506 0.451086
vn -0.039542 -0.891967 0.450368
vn 0.570696 0.021230 -0.820887
vn 0.419298 0.021622 -0.907591
vn -0.191358 -0.890306 0.413205
vn -0.267027 -0.887723 0.375026
vn -0.382425 -0.884423 0.267484
vn -0.430368 -0.881149 0.195856
vn 0.088861 0.021818 -0.995805
vn -0.087209 0.021840 -0.995951
vn 0.572056 0.021264 0.819939
vn 0.416258 0.021636 0.908989
vn -0.474071 -0.879538 0.040859
vn -0.474889 -0.878987 -0.043163
vn -0.416258 0.021636 -0.908989
vn -0.572057 0.021264 -0.819939
vn -0.429200 -0.880883 -0.199582
vn -0.384673 -0.883608 -0.266953
vn -0.266456 -0.886965 -0.377218
vn -0.195122 -0.890006 -0.412088
vn -0.814934 0.020862 -0.579178
vn -0.906136 0.020465 -0.422491
vn 0.087209 0.021840 0.995951
vn -0.088861 0.021818 0.995805
vn -0.041700 -0.891506 -0.451086
vn 0.039542 -0.891967 -0.450368
vn -0.995823 0.020267 -0.089027
vn -0.995672 0.020244 0.090707
vn 0.191358 -0.890306 -0.413205
vn 0.267027 -0.887723 -0.375026
vn 0.382425 -0.884423 -0.267484
vn 0.430368 -0.881149 -0.195856
vn -0.904718 0.020453 0.425520
vn -0.815911 0.020825 0.577802
vn -0.419299 0.021622 0.907591
vn -0.570696 0.021230 0.820887
vn 0.474071 -0.879538 -0.040859
vn 0.474889 -0.878987 0.043163
vn 0.283099 0.956093 -0.075763
vn 0.287271 0.957849 0.000841
vn 0.249505 0.957453 -0.145021
vn 0.253768 0.955874 -0.148010
vn 0.209314 0.955233 -0.209088
vn 0.144810 0.956635 -0.252745
vn 0.146801 0.955112 -0.257316
vn 0.077353 0.954321 -0.288596
vn 0.000752 0.956212 -0.292673
vn 0.001509 0.954727 -0.297479
vn -0.075488 0.954312 -0.289119
vn -0.143798 0.956620 -0.253377
vn -0.144741 0.955100 -0.258523
vn -0.248994 0.957439 -0.145986
vn -0.252692 0.955864 -0.149903
vn -0.208424 0.955207 -0.210093
vn -0.282786 0.956079 -0.077099
vn -0.287276 0.957847 -0.000930
vn -0.292547 0.956249 -0.001852
vn -0.283323 0.956096 0.074894
vn -0.249504 0.957447 0.145063
vn -0.253735 0.955873 0.148068
vn -0.208816 0.955212 0.209683
vn -0.144618 0.956627 0.252883
vn -0.146390 0.955110 0.257556
vn -0.077390 0.954316 0.288604
vn -0.000914 0.956209 0.292682
vn -0.001833 0.954727 0.297479
vn 0.075183 0.954312 0.289201
vn 0.143248 0.956612 0.253718
vn 0.143622 0.955091 0.259177
vn 0.207488 0.955200 0.211050
vn 0.248575 0.957432 0.146744
vn 0.251839 0.955853 0.151400
vn 0.282548 0.956086 0.077885
vn 0.292547 0.956250 0.001675
vn 0.837026 -0.002236 -0.547159
vn 0.682149 -0.000380 -0.731214
vn 0.731713 -0.000380 -0.681613
vn 0.888027 -0.000230 -0.459790
vn 0.998990 0.000253 -0.044927
vn 0.955371 0.000023 -0.295410
vn 0.975410 0.000023 -0.220400
vn 0.998412 -0.000245 0.056329
vn 0.857264 -0.000028 0.514877
vn 0.972810 0.000027 0.231603
vn 0.951878 0.000027 0.306477
vn 0.857203 0.000000 0.514978
vn 0.698047 0.000014 0.716052
vn 0.698140 0.000028 0.715962
vn 0.047941 0.001189 0.998850
vn 0.278353 0.000157 0.960479
vn 0.216556 0.000157 0.976270
vn -0.060703 -0.000214 0.998156
vn -0.446956 0.000238 0.894556
vn -0.228660 0.000024 0.973506
vn -0.289724 0.000024 0.957110
vn -0.540623 -0.000108 0.841265
vn -0.836421 0.000122 0.548088
vn -0.679816 0.000014 0.733383
vn -0.729597 0.000014 0.683878
vn -0.888816 0.001011 0.458264
vn -0.999062 -0.001193 0.043292
vn -0.956620 -0.000182 0.291339
vn -0.976283 -0.000182 0.216499
vn -0.998466 -0.001342 -0.055358
vn -0.884843 0.001394 -0.465887
vn -0.973676 0.000051 -0.227937
vn -0.953050 0.000051 -0.302813
vn -0.833034 -0.000210 -0.553222
vn -0.536205 0.000196 -0.844088
vn -0.727500 -0.000014 -0.686108
vn -0.677602 -0.000014 -0.735429
vn -0.440137 -0.000114 -0.897931
vn -0.049548 0.000126 -0.998772
vn -0.280066 0.000012 -0.959981
vn -0.218692 0.000012 -0.975794
vn 0.059542 -0.000132 -0.998226
vn 0.447874 0.000146 -0.894097
vn 0.228403 0.000014 -0.973567
vn 0.289584 0.000014 -0.957153
vn 0.541947 0.001857 -0.840411
vn 0.436908 -0.001030 0.899506
vn 0.531731 0.000328 0.846913
vn 0.733716 0.589597 -0.337692
vn 0.900969 -0.000015 -0.433884
vn 1.000000 -0.000015 -0.000000
vn 0.807575 0.589597 0.014097
vn 0.287220 0.951253 -0.112350
vn 0.307523 0.951253 0.023397
vn -0.266917 0.951253 0.154509
vn -0.307523 0.951253 0.023397
vn -0.548381 0.808248 0.214506
vn -0.587145 0.808248 -0.044671
vn -0.222521 -0.000015 0.974928
vn -0.140718 -0.308220 0.940850
vn -0.535002 -0.308220 0.786621
vn -0.623489 -0.000015 0.781832
vn 0.165958 0.589597 0.790464
vn 0.222521 -0.000015 0.974928
vn -0.193446 0.589597 0.784190
vn 0.948574 -0.308218 -0.072169
vn 0.885949 -0.308218 0.346549
vn 0.900969 -0.000016 0.433883
vn 0.174203 0.808248 -0.562484
vn 0.045620 0.951253 -0.305019
vn 0.173445 0.951253 -0.255019
vn 0.401003 0.808249 -0.431196
vn -0.091241 0.951253 0.294607
vn -0.210030 0.951253 0.225844
vn 0.823323 -0.308219 -0.476593
vn 0.514536 0.589597 -0.622598
vn 0.623490 -0.000015 -0.781832
vn 0.210030 0.951253 -0.225844
vn -0.173445 0.951253 0.255019
vn -0.401003 0.808249 0.431196
vn -0.514536 0.589597 0.622598
vn -0.287220 0.951253 -0.112350
vn -0.509617 0.808249 -0.294999
vn 0.266917 0.951253 0.154509
vn 0.721483 0.589597 0.363095
vn 0.535003 -0.308219 -0.786621
vn 0.193446 0.589597 -0.784190
vn 0.222521 -0.000015 -0.974928
vn 0.091240 0.951253 -0.294607
vn -0.045620 0.951253 0.305019
vn -0.174203 0.808249 0.562483
vn -0.823323 -0.308220 0.476593
vn -0.900969 -0.000015 0.433884
vn 0.045620 0.951253 0.305019
vn 0.647850 -0.308219 0.696629
vn 0.623490 -0.000015 0.781831
vn -0.091240 0.951253 -0.294607
vn 0.140718 -0.308220 -0.940850
vn -0.165958 0.589598 -0.790464
vn -0.222521 -0.000015 -0.974928
vn -0.045620 0.951253 -0.305019
vn 0.091240 0.951253 0.294606
vn 0.087101 0.808249 0.582364
vn -0.087101 0.808248 -0.582364
vn 0.266917 0.951253 -0.154509
vn 0.548381 0.808248 -0.214506
vn -0.287220 0.951253 0.112350
vn -0.210030 0.951253 -0.225843
vn -0.331154 0.808249 -0.486900
vn 0.173445 0.951253 0.255019
vn -0.281437 -0.308220 -0.908732
vn -0.492493 0.589597 -0.640177
vn -0.623490 -0.000015 -0.781831
vn -0.173445 0.951253 -0.255019
vn 0.210030 0.951253 0.225844
vn 0.331154 0.808249 0.486900
vn -0.733716 0.589597 0.337692
vn 0.492493 0.589597 0.640177
vn 0.281437 -0.308220 0.908732
vn -0.647850 -0.308220 -0.696629
vn -0.721483 0.589597 -0.363095
vn -0.900969 -0.000015 -0.433883
vn -0.266917 0.951253 -0.154509
vn 0.287220 0.951253 0.112350
vn 0.509617 0.808248 0.294999
vn -0.948574 -0.308220 0.072169
vn -1.000000 -0.000015 0.000000
vn 0.307523 0.951253 -0.023397
vn 0.587145 0.808248 0.044671
vn -0.307523 0.951253 -0.023397
vn -0.885948 -0.308220 -0.346549
vn -0.807574 0.589597 -0.014097
vn -0.000000 0.301649 -0.953419
vn 0.000000 0.301650 -0.953419
vn -0.000000 0.301648 -0.953419
vn 0.000001 0.301651 -0.953418
vn -0.000003 0.301648 -0.953419
vn -0.000005 0.301644 -0.953421
vn 0.000001 0.301646 -0.953420
vn -0.000000 0.301638 -0.953422
vn 0.000000 0.301640 -0.953422
vn 0.000000 0.301645 -0.953420
vn 0.005084 0.316038 -0.948733
vn 0.006187 0.301664 -0.953394
vn -0.000000 0.301650 -0.953419
vn 0.016910 0.305706 -0.951976
vn 0.005967 0.344596 -0.938732
vn -0.001110 0.327661 -0.944795
vn 0.691229 -0.133353 0.710225
vn 0.660296 0.031920 0.750327
vn 0.668263 0.007014 0.743892
vn 0.695876 -0.248561 0.673776
vn 0.573551 0.182318 0.798623
vn 0.358359 0.373023 0.855823
vn 0.445557 0.309377 0.840098
vn 0.613817 0.119682 0.780324
vn -0.000002 -0.301650 0.953419
vn -0.000002 -0.301652 0.953418
vn -0.000001 -0.301649 0.953419
vn -0.000003 -0.301647 0.953420
vn -0.000002 -0.301648 0.953419
vn -0.000001 -0.301649 0.953419
vn 0.000000 -0.301647 0.953420
vn 0.000000 -0.301646 0.953420
vn 0.000000 -0.301640 0.953422
vn -0.000000 -0.301647 0.953420
vn 0.000000 -0.301650 0.953419
vn 0.000002 -0.301651 0.953419
vn 0.000002 -0.301651 0.953418
vn 0.000001 -0.301653 0.953418
vn -0.000001 -0.301654 0.953417
vn 0.000002 -0.301651 0.953418
vn -0.123658 0.946105 0.299322
vn -0.247317 0.923804 0.292267
vn 0.185856 0.936811 0.296382
vn 0.185856 0.936811 0.296382
vn 0.134215 0.875817 -0.463606
vn 0.446971 0.735154 -0.509672
vn 0.357787 0.797319 -0.486077
vn 0.133187 0.876650 -0.462327
vn 0.999261 0.036649 0.011598
vn 0.999261 0.036649 0.011595
vn 0.976510 -0.205438 -0.064995
vn 0.976510 -0.205438 -0.064995
vn 0.520547 -0.160649 -0.838584
vn 0.606205 -0.092144 -0.789952
vn 0.297567 -0.319193 -0.899761
vn 0.150966 -0.401260 -0.903438
vn -0.000000 0.301650 -0.953419
vn 0.000000 0.301648 -0.953419
vn -0.999261 0.036649 0.011598
vn -0.999261 0.036649 0.011595
vn -0.945110 0.311531 0.098569
vn -0.931706 0.346291 0.109572
vn 0.000000 -0.938701 -0.344732
vn 0.000000 -0.938701 -0.344732
vn -0.303740 -0.894313 -0.328552
vn -0.298448 -0.896637 -0.327065
vn -0.088702 0.882100 -0.462636
vn -0.178771 0.868270 -0.462762
vn -0.660296 0.031920 0.750327
vn -0.668263 0.007014 0.743892
vn -0.613817 0.119682 0.780324
vn -0.573551 0.182318 0.798623
vn -0.276326 0.830049 -0.484420
vn -0.289585 0.828419 -0.479440
vn 0.191998 0.863837 -0.465750
vn 0.366607 0.787604 -0.495258
vn -0.868633 0.472373 0.149467
vn -0.809505 0.559763 0.177109
vn -0.231873 -0.834565 0.499737
vn -0.197866 -0.834700 0.513931
vn 0.148793 -0.864499 0.480107
vn 0.325370 -0.796347 0.509869
vn -0.877763 -0.448715 -0.167891
vn -0.742348 -0.629495 -0.229468
vn 0.000000 0.938701 0.344732
vn 0.000000 0.938701 0.344732
vn 0.000000 0.938701 0.344732
vn 0.555877 -0.613352 0.561071
vn 0.634539 -0.506427 0.583860
vn 0.675104 0.026513 -0.737246
vn 0.686040 0.019458 -0.727303
vn 0.682793 -0.401143 0.610638
vn 0.671505 -0.402012 0.622469
vn 0.477392 0.265406 0.837650
vn 0.474274 0.294842 0.829537
vn 0.327749 0.328330 0.885878
vn 0.165049 0.373600 0.912788
vn 0.529134 0.684092 -0.502031
vn 0.505510 0.692555 -0.514614
vn -0.246731 0.357167 0.900864
vn -0.248567 0.342351 0.906096
vn 0.000000 -0.953423 -0.301637
vn 0.625008 -0.732888 -0.268773
vn 0.616120 -0.740842 -0.267487
vn 0.768243 -0.601599 -0.218816
vn 0.886459 -0.433532 -0.161989
vn 0.960025 -0.262076 -0.098329
vn 0.960094 -0.259323 -0.104741
vn 0.706577 0.663823 0.245128
vn 0.687534 0.683280 0.245816
vn 0.725097 0.643873 0.244259
vn -0.357787 0.797319 -0.486077
vn -0.446971 0.735154 -0.509672
vn -0.000001 -0.301650 0.953419
vn -0.000001 -0.301649 0.953419
vn -0.690500 -0.358563 0.628205
vn -0.690494 -0.358564 0.628211
vn -0.695876 -0.248561 0.673776
vn -0.691229 -0.133353 0.710225
vn -0.180096 -0.412474 -0.892990
vn -0.176692 -0.465091 -0.867450
vn 0.502519 0.824297 0.260786
vn 0.630995 0.739650 0.234015
vn 0.809505 0.559763 0.177109
vn 0.868633 0.472373 0.149467
vn -0.573109 0.608994 -0.548336
vn -0.613956 0.546365 -0.569688
vn -0.502519 0.824297 0.260786
vn -0.630995 0.739650 0.234015
vn -0.445557 0.309377 0.840098
vn -0.358359 0.373023 0.855823
vn 0.000001 -0.301651 0.953418
vn 0.000000 -0.301649 0.953419
vn -0.660210 0.457691 -0.595518
vn -0.668472 0.433020 -0.604680
vn -0.706577 0.663823 0.245128
vn -0.725097 0.643873 0.244259
vn -0.687534 0.683280 0.245816
vn 0.134368 0.450237 0.882741
vn 0.136024 0.450859 0.882170
vn -0.090588 0.455281 0.885727
vn -0.178974 0.444708 0.877612
vn 0.690500 -0.358563 0.628205
vn 0.690494 -0.358564 0.628211
vn -0.976510 -0.205438 -0.064995
vn -0.976510 -0.205438 -0.064995
vn 0.613956 0.546365 -0.569687
vn 0.668472 0.433020 -0.604680
vn 0.660210 0.457691 -0.595518
vn 0.573109 0.608995 -0.548336
vn -0.691224 0.299435 -0.657684
vn -0.695873 0.184227 -0.694133
vn -0.690497 0.068032 -0.720129
vn -0.690497 0.068031 -0.720128
vn 0.695873 0.184227 -0.694133
vn 0.690497 0.068031 -0.720129
vn 0.690497 0.068032 -0.720129
vn 0.691224 0.299435 -0.657684
vn 0.000000 -0.887464 0.460878
vn 0.000000 -0.887464 0.460878
vn 0.000000 -0.887464 0.460878
vn -0.000000 0.301648 -0.953419
vn 0.000000 0.301649 -0.953419
vn -0.438854 -0.189314 -0.878389
vn -0.555425 -0.060026 -0.829397
vn 0.931706 0.346291 0.109572
vn 0.945110 0.311531 0.098569
vn 0.000000 -0.460872 -0.887467
vn 0.000000 -0.460872 -0.887467
vn 0.000000 -0.460872 -0.887467
vn -0.960094 -0.259323 -0.104741
vn -0.960025 -0.262076 -0.098329
vn -0.634539 -0.506427 0.583860
vn -0.540700 -0.617625 0.571124
vn -0.635316 0.051200 -0.770553
vn -0.686040 0.019459 -0.727303
vn -0.671505 -0.402012 0.622469
vn -0.682793 -0.401143 0.610638
vn -0.477392 0.265406 0.837650
vn -0.474274 0.294842 0.829537
vn -0.505510 0.692555 -0.514614
vn -0.529134 0.684092 -0.502031
vn -0.003178 0.999995 -0.000724
vn -0.009534 0.999952 -0.002173
vn -0.019067 0.999809 -0.004345
vn -0.722355 0.000000 0.691522
vn -0.781659 0.000000 0.623706
vn -0.552995 0.000000 0.833185
vn -0.436528 0.000000 0.899691
vn -0.005896 -0.705136 -0.709048
vn 0.057275 -0.708048 -0.703838
vn -0.182998 -0.707779 -0.682321
vn -0.293658 -0.703230 -0.647481
vn -0.085193 -0.707443 -0.701617
vn -0.103042 -0.707267 -0.699397
vn -0.044840 -0.707148 -0.705642
vn -0.022420 -0.706817 -0.707041
vn -0.339335 0.000000 -0.940665
vn 0.036071 0.000000 -0.999349
vn 0.036071 0.000000 -0.999349
vn -0.339335 0.000000 -0.940666
vn -0.701636 0.708952 0.071374
vn -0.658236 0.702034 0.271797
vn -0.655442 0.706069 0.268071
vn -0.703070 0.707444 0.072223
vn -0.058218 -0.708055 -0.703753
vn 0.006023 -0.705322 -0.708861
vn -0.113030 0.705028 0.700114
vn -0.389366 0.707966 0.589219
vn -0.307547 0.705052 0.638996
vn -0.111603 0.706850 0.698504
vn -0.655029 -0.706569 0.267765
vn -0.702923 -0.707490 0.073188
vn -0.703823 -0.706643 0.072723
vn -0.659198 -0.702349 0.268633
vn -0.212040 0.000000 0.977261
vn -0.106020 0.000000 0.994364
vn 0.180194 -0.707889 -0.682951
vn 0.294071 -0.704057 -0.646395
vn -0.005896 0.705103 -0.709081
vn -0.234943 0.707397 -0.666627
vn -0.238202 0.706977 -0.665916
vn 0.057278 0.708015 -0.703871
vn 0.681412 -0.707681 -0.186724
vn 0.700390 -0.707818 -0.091909
vn 0.600833 -0.707441 -0.372191
vn 0.538740 -0.706766 -0.458520
vn 0.293672 0.703197 -0.647511
vn 0.183006 0.707746 -0.682352
vn 0.423964 0.695135 -0.580553
vn 0.448412 0.694424 -0.562762
vn 0.033634 0.706995 -0.706419
vn 0.103047 0.707230 -0.699433
vn 0.085055 0.707409 -0.701668
vn 0.033634 0.706995 -0.706419
vn 0.752771 0.000000 0.658282
vn 0.495877 0.000000 0.868393
vn 0.495877 0.000000 0.868393
vn 0.558486 -0.698700 0.447115
vn 0.511051 -0.707208 0.488553
vn 0.638920 -0.702433 0.313640
vn 0.672284 -0.705484 0.224335
vn 0.709012 -0.703731 0.045434
vn 0.701295 -0.707605 0.086493
vn 0.927301 0.000000 0.374317
vn 0.094098 -0.707314 -0.700608
vn 0.033632 -0.707027 -0.706386
vn 0.093957 -0.707516 -0.700424
vn 0.995720 0.000000 0.092417
vn -0.535504 -0.702351 0.468976
vn -0.531170 -0.706304 0.467966
vn -0.535898 0.701842 0.469287
vn -0.533386 0.706136 0.465695
vn -0.993370 0.000000 -0.114961
vn -0.967724 0.000000 -0.252013
vn -0.997153 0.000000 0.075406
vn -0.991635 0.000000 0.129076
vn 0.991167 0.000000 -0.132620
vn 0.963660 0.000000 -0.267133
vn -0.578025 0.701669 -0.416592
vn -0.571025 0.706498 -0.418080
vn -0.686387 0.703058 -0.185963
vn -0.705423 0.703563 -0.085893
vn -0.626779 0.000000 -0.779197
vn -0.593348 0.000000 -0.804946
vn -0.765309 0.000000 -0.643663
vn -0.855835 0.000000 -0.517249
vn 0.809044 0.000000 -0.587748
vn 0.610200 0.000000 -0.792248
vn 0.610200 0.000000 -0.792248
vn -0.899892 0.000000 0.436112
vn -0.950471 0.000000 0.310812
vn -0.436743 0.695104 -0.571040
vn -0.437711 0.696262 -0.568884
vn 0.416888 0.000000 -0.908958
vn 0.259400 0.000000 -0.965770
vn 0.113091 -0.704821 0.700313
vn 0.113330 -0.706818 0.698259
vn 0.307623 -0.704765 0.639276
vn 0.388380 -0.707970 0.589864
vn 0.009306 0.000000 -0.999957
vn -0.081373 0.000000 -0.996684
vn -0.132960 0.000000 -0.991121
vn -0.047591 0.000000 -0.998867
vn 0.450477 -0.694820 -0.560621
vn 0.423350 -0.696020 -0.579940
vn -0.573806 -0.707651 -0.412282
vn -0.434314 -0.695682 -0.572186
vn -0.437061 -0.694486 -0.571548
vn -0.574420 -0.706763 -0.412951
vn 0.538823 0.706729 -0.458480
vn 0.600769 0.707395 -0.372383
vn 0.681065 0.707619 -0.188216
vn 0.700111 0.708079 -0.092021
vn 0.212040 0.000000 0.977261
vn 0.106020 0.000000 0.994364
vn -0.150680 -0.702219 0.695833
vn -0.075498 -0.707745 0.702423
vn -0.683600 -0.707565 -0.179006
vn -0.700911 -0.708539 -0.081833
vn 0.509585 0.707218 0.490066
vn 0.558021 0.699304 0.446751
vn 0.389366 0.707966 0.589219
vn 0.307547 0.705052 0.638996
vn 0.638446 0.703030 0.313265
vn 0.672899 0.705562 0.222237
vn -0.388380 -0.707970 0.589864
vn -0.307623 -0.704765 0.639276
vn 0.005896 0.705103 -0.709081
vn -0.057278 0.708015 -0.703871
vn 0.708758 0.703989 0.045416
vn 0.701136 0.707577 0.087989
vn 0.145553 0.000000 -0.989350
vn 0.120344 0.000000 -0.992732
vn -0.044842 0.707115 -0.705675
vn -0.022421 0.706785 -0.707073
vn -0.085055 0.707409 -0.701668
vn -0.103047 0.707230 -0.699433
vn 0.074350 0.707724 0.702566
vn 0.150599 0.702509 0.695558
vn 0.063447 0.000000 -0.997985
vn 0.031723 0.000000 -0.999497
vn 0.000000 -1.000000 0.000000
# 909 normals

vt 0.060537 0.144939 0.000000
vt 0.060528 0.136230 0.000000
vt 0.000432 0.133643 0.000000
vt 0.000326 0.142347 0.000000
vt 0.628191 0.136561 0.000000
vt 0.623547 0.136561 0.000000
vt 0.623547 0.145271 0.000000
vt 0.628191 0.145271 0.000000
vt 0.297158 0.136561 0.000000
vt 0.297158 0.145271 0.000000
vt 0.301612 0.145271 0.000000
vt 0.301612 0.136561 0.000000
vt 0.414038 0.085208 0.000000
vt 0.413680 0.089022 0.000000
vt 0.422814 0.089022 0.000000
vt 0.422369 0.085208 0.000000
vt 0.007808 0.085208 0.000000
vt 0.009829 0.089021 0.000000
vt 0.019354 0.089022 0.000000
vt 0.016653 0.085208 0.000000
vt 0.574276 0.186321 0.000000
vt 0.584041 0.174606 0.000000
vt 0.576352 0.176967 0.000000
vt 0.573765 0.181457 0.000000
vt 0.610292 0.265415 0.000000
vt 0.625681 0.248912 0.000000
vt 0.599326 0.192071 0.000000
vt 0.603755 0.186988 0.000000
vt 0.858983 0.136922 0.000000
vt 0.824960 0.158329 0.000000
vt 0.867498 0.250168 0.000000
vt 0.918077 0.274078 0.000000
vt 0.631094 0.252934 0.000000
vt 0.615475 0.271157 0.000000
vt 0.863069 0.255251 0.000000
vt 0.620822 0.274078 0.000000
vt 0.818874 0.155422 0.000000
vt 0.844710 0.133131 0.000000
vt 0.852912 0.133544 0.000000
vt 0.921371 0.356713 0.000000
vt 0.921804 0.359672 0.000000
vt 0.982627 0.361418 0.000000
vt 0.984016 0.358511 0.000000
vt 0.925938 0.999674 0.000000
vt 0.930428 0.997093 0.000000
vt 0.932789 0.989404 0.000000
vt 0.921076 0.999168 0.000000
vt 0.530456 0.191886 0.000000
vt 0.429133 0.188588 0.000000
vt 0.430342 0.191580 0.000000
vt 0.529622 0.194811 0.000000
vt 0.973846 0.720512 0.000000
vt 0.970469 0.714440 0.000000
vt 0.949229 0.748934 0.000000
vt 0.857406 0.706380 0.000000
vt 0.833334 0.655310 0.000000
vt 0.974259 0.728714 0.000000
vt 0.833334 0.952605 0.000000
vt 0.836255 0.957953 0.000000
vt 0.854639 0.942806 0.000000
vt 0.065780 0.136561 0.000000
vt 0.065780 0.145271 0.000000
vt 0.858661 0.948221 0.000000
vt 0.841996 0.963137 0.000000
vt 0.915492 0.974586 0.000000
vt 0.920574 0.970157 0.000000
vt 0.952136 0.755021 0.000000
vt 0.994508 0.178282 0.000000
vt 0.991560 0.178282 0.000000
vt 0.991560 0.389477 0.000000
vt 0.994508 0.389477 0.000000
vt 0.852324 0.710808 0.000000
vt 0.998304 0.514525 0.000000
vt 0.995342 0.514525 0.000000
vt 0.995342 0.738543 0.000000
vt 0.998304 0.738543 0.000000
vt 0.413680 0.095165 0.000000
vt 0.321430 0.089022 0.000000
vt 0.321430 0.095165 0.000000
vt 0.424439 0.193429 0.000000
vt 0.427209 0.194811 0.000000
vt 0.320449 0.085208 0.000000
vt 0.921001 0.455228 0.000000
vt 0.919648 0.458206 0.000000
vt 0.922490 0.461580 0.000000
vt 0.925388 0.460437 0.000000
vt 0.998304 0.507867 0.000000
vt 0.995342 0.507867 0.000000
vt 0.819948 0.619739 0.000000
vt 0.824971 0.624059 0.000000
vt 0.973334 0.624059 0.000000
vt 0.974122 0.619739 0.000000
vt 0.994508 0.171715 0.000000
vt 0.991560 0.171715 0.000000
vt 0.819948 0.612955 0.000000
vt 0.974122 0.612955 0.000000
vt 0.406562 0.145271 0.000000
vt 0.406562 0.136561 0.000000
vt 0.401176 0.136561 0.000000
vt 0.401176 0.145271 0.000000
vt 0.627609 0.379688 0.000000
vt 0.624570 0.379688 0.000000
vt 0.624570 0.597369 0.000000
vt 0.627609 0.597369 0.000000
vt 0.625967 0.373188 0.000000
vt 0.623429 0.375168 0.000000
vt 0.910284 0.666213 0.000000
vt 0.911514 0.669215 0.000000
vt 0.972272 0.672579 0.000000
vt 0.972973 0.669684 0.000000
vt 0.914961 0.358834 0.000000
vt 0.916530 0.361418 0.000000
vt 0.812652 0.458636 0.000000
vt 0.813463 0.461580 0.000000
vt 0.820051 0.459763 0.000000
vt 0.819240 0.456819 0.000000
vt 0.905751 0.671187 0.000000
vt 0.908449 0.672579 0.000000
vt 0.993387 0.507374 0.000000
vt 0.990330 0.507374 0.000000
vt 0.990330 0.738543 0.000000
vt 0.993387 0.738543 0.000000
vt 0.314437 0.095286 0.000000
vt 0.315179 0.098979 0.000000
vt 0.320449 0.098979 0.000000
vt 0.314437 0.088996 0.000000
vt 0.306446 0.088867 0.000000
vt 0.315179 0.085208 0.000000
vt 0.309597 0.085208 0.000000
vt 0.016653 0.098979 0.000000
vt 0.019354 0.095164 0.000000
vt 0.009829 0.095165 0.000000
vt 0.007808 0.098979 0.000000
vt 0.306446 0.095158 0.000000
vt 0.297303 0.089021 0.000000
vt 0.297303 0.095166 0.000000
vt 0.824984 0.608652 0.000000
vt 0.973347 0.608652 0.000000
vt 0.429988 0.089022 0.000000
vt 0.428931 0.085208 0.000000
vt 0.300935 0.098979 0.000000
vt 0.428931 0.098979 0.000000
vt 0.429988 0.095165 0.000000
vt 0.422814 0.095165 0.000000
vt 0.422369 0.098979 0.000000
vt 0.300935 0.085208 0.000000
vt 0.309597 0.098979 0.000000
vt 0.749105 0.089762 0.000000
vt 0.749105 0.085208 0.000000
vt 0.000326 0.089022 0.000000
vt 0.000326 0.095165 0.000000
vt 0.749105 0.098979 0.000000
vt 0.749105 0.094425 0.000000
vt 0.000326 0.098979 0.000000
vt 0.414038 0.098979 0.000000
vt 0.000326 0.085208 0.000000
vt 0.005575 0.159098 0.000000
vt 0.065841 0.157240 0.000000
vt 0.065841 0.148531 0.000000
vt 0.005690 0.150385 0.000000
vt 0.070485 0.157240 0.000000
vt 0.070485 0.148531 0.000000
vt 0.396822 0.148531 0.000000
vt 0.392369 0.148531 0.000000
vt 0.392369 0.157240 0.000000
vt 0.396822 0.157240 0.000000
vt 0.335393 0.069481 0.000000
vt 0.327063 0.069481 0.000000
vt 0.326617 0.073295 0.000000
vt 0.335751 0.073295 0.000000
vt 0.741623 0.069481 0.000000
vt 0.732778 0.069481 0.000000
vt 0.730077 0.073296 0.000000
vt 0.739602 0.073295 0.000000
vt 0.624853 0.276033 0.000000
vt 0.620221 0.277582 0.000000
vt 0.617211 0.281791 0.000000
vt 0.618248 0.289754 0.000000
vt 0.711631 0.276033 0.000000
vt 0.640443 0.296417 0.000000
vt 0.703002 0.296846 0.000000
vt 0.637657 0.302545 0.000000
vt 0.697773 0.555196 0.000000
vt 0.846864 0.552141 0.000000
vt 0.804207 0.516072 0.000000
vt 0.703148 0.515420 0.000000
vt 0.708897 0.300101 0.000000
vt 0.718993 0.278367 0.000000
vt 0.806993 0.509945 0.000000
vt 0.723861 0.282017 0.000000
vt 0.688422 0.543795 0.000000
vt 0.697988 0.511093 0.000000
vt 0.692191 0.551076 0.000000
vt 0.571810 0.172734 0.000000
vt 0.509098 0.169365 0.000000
vt 0.510245 0.172382 0.000000
vt 0.571132 0.175654 0.000000
vt 0.571547 0.314920 0.000000
vt 0.571810 0.310039 0.000000
vt 0.560327 0.320072 0.000000
vt 0.568292 0.318949 0.000000
vt 0.878714 0.162299 0.000000
vt 0.879548 0.165222 0.000000
vt 0.978758 0.161993 0.000000
vt 0.979967 0.159003 0.000000
vt 0.288324 0.318376 0.000000
vt 0.320261 0.298530 0.000000
vt 0.282858 0.314087 0.000000
vt 0.292661 0.201162 0.000000
vt 0.246007 0.169365 0.000000
vt 0.296360 0.320072 0.000000
vt 0.539611 0.216071 0.000000
vt 0.526586 0.235572 0.000000
vt 0.544433 0.219796 0.000000
vt 0.000432 0.150652 0.000000
vt 0.000326 0.159365 0.000000
vt 0.531302 0.240395 0.000000
vt 0.548651 0.226280 0.000000
vt 0.548411 0.300662 0.000000
vt 0.543239 0.304985 0.000000
vt 0.325815 0.302357 0.000000
vt 0.611602 0.282659 0.000000
vt 0.611602 0.495752 0.000000
vt 0.614577 0.495752 0.000000
vt 0.614577 0.282659 0.000000
vt 0.297833 0.196839 0.000000
vt 0.986643 0.137401 0.000000
vt 0.986643 0.361418 0.000000
vt 0.989605 0.361418 0.000000
vt 0.989605 0.137401 0.000000
vt 0.335751 0.079439 0.000000
vt 0.428001 0.079439 0.000000
vt 0.428001 0.073296 0.000000
vt 0.984675 0.163841 0.000000
vt 0.981901 0.165222 0.000000
vt 0.428982 0.069481 0.000000
vt 0.883144 0.167177 0.000000
vt 0.878714 0.172279 0.000000
vt 0.881564 0.173460 0.000000
vt 0.884434 0.170155 0.000000
vt 0.986643 0.130742 0.000000
vt 0.989605 0.130742 0.000000
vt 0.852158 0.563173 0.000000
vt 0.697227 0.566348 0.000000
vt 0.698114 0.570678 0.000000
vt 0.847205 0.567624 0.000000
vt 0.611602 0.276033 0.000000
vt 0.614577 0.276033 0.000000
vt 0.852018 0.556357 0.000000
vt 0.697087 0.559531 0.000000
vt 0.287436 0.157240 0.000000
vt 0.292821 0.157240 0.000000
vt 0.292821 0.148531 0.000000
vt 0.287436 0.148531 0.000000
vt 0.968577 0.096035 0.000000
vt 0.757650 0.096035 0.000000
vt 0.757650 0.098979 0.000000
vt 0.968577 0.098979 0.000000
vt 0.504298 0.174070 0.000000
vt 0.506908 0.175654 0.000000
vt 0.968487 0.674533 0.000000
vt 0.905751 0.678008 0.000000
vt 0.906452 0.680904 0.000000
vt 0.967255 0.677537 0.000000
vt 0.617211 0.590746 0.000000
vt 0.618699 0.597369 0.000000
vt 0.621474 0.596212 0.000000
vt 0.620250 0.590763 0.000000
vt 0.751060 0.096035 0.000000
vt 0.751060 0.098979 0.000000
vt 0.973002 0.679512 0.000000
vt 0.970308 0.680904 0.000000
vt 0.618436 0.360989 0.000000
vt 0.621474 0.361005 0.000000
vt 0.984063 0.170554 0.000000
vt 0.983207 0.173460 0.000000
vt 0.628164 0.157240 0.000000
vt 0.628164 0.148531 0.000000
vt 0.428982 0.083253 0.000000
vt 0.434252 0.083253 0.000000
vt 0.434995 0.079560 0.000000
vt 0.434995 0.073269 0.000000
vt 0.442985 0.073141 0.000000
vt 0.439835 0.069481 0.000000
vt 0.434252 0.069481 0.000000
vt 0.732778 0.083253 0.000000
vt 0.741623 0.083253 0.000000
vt 0.739602 0.079439 0.000000
vt 0.730077 0.079438 0.000000
vt 0.442985 0.079432 0.000000
vt 0.452129 0.079440 0.000000
vt 0.452129 0.073295 0.000000
vt 0.320500 0.069481 0.000000
vt 0.319444 0.073295 0.000000
vt 0.448497 0.083253 0.000000
vt 0.320500 0.083253 0.000000
vt 0.327063 0.083253 0.000000
vt 0.326617 0.079439 0.000000
vt 0.319444 0.079439 0.000000
vt 0.448497 0.069481 0.000000
vt 0.439835 0.083253 0.000000
vt 0.000326 0.069481 0.000000
vt 0.000326 0.074036 0.000000
vt 0.749105 0.073295 0.000000
vt 0.749105 0.079439 0.000000
vt 0.000326 0.083253 0.000000
vt 0.000326 0.078699 0.000000
vt 0.749105 0.083253 0.000000
vt 0.335393 0.083253 0.000000
vt 0.749105 0.069481 0.000000
vt 0.870046 0.335059 0.000000
vt 0.839994 0.356893 0.000000
vt 0.858567 0.370387 0.000000
vt 0.858567 0.390923 0.000000
vt 0.835609 0.370387 0.000000
vt 0.835609 0.390923 0.000000
vt 0.973357 0.461580 0.000000
vt 0.961878 0.426251 0.000000
vt 0.950399 0.461580 0.000000
vt 0.881525 0.370387 0.000000
vt 0.881525 0.390923 0.000000
vt 0.931826 0.448086 0.000000
vt 0.900099 0.356893 0.000000
vt 0.904483 0.390923 0.000000
vt 0.904483 0.370387 0.000000
vt 0.924731 0.426251 0.000000
vt 0.907193 0.335059 0.000000
vt 0.927441 0.390923 0.000000
vt 0.927441 0.370387 0.000000
vt 0.931826 0.404417 0.000000
vt 0.900099 0.313225 0.000000
vt 0.950399 0.390923 0.000000
vt 0.950399 0.370387 0.000000
vt 0.881525 0.299730 0.000000
vt 0.973357 0.390923 0.000000
vt 0.973357 0.370387 0.000000
vt 0.858567 0.299730 0.000000
vt 0.858567 0.279195 0.000000
vt 0.881525 0.279195 0.000000
vt 0.991930 0.404417 0.000000
vt 0.839994 0.313225 0.000000
vt 0.835609 0.279195 0.000000
vt 0.835609 0.299730 0.000000
vt 0.999024 0.426251 0.000000
vt 0.832900 0.335059 0.000000
vt 0.812652 0.279195 0.000000
vt 0.812652 0.299730 0.000000
vt 0.991930 0.448086 0.000000
vt 0.812652 0.370387 0.000000
vt 0.812652 0.390923 0.000000
vt 0.081824 0.161776 0.000000
vt 0.081385 0.186998 0.000000
vt 0.101697 0.187642 0.000000
vt 0.102135 0.161776 0.000000
vt 0.041130 0.186998 0.000000
vt 0.040947 0.414393 0.000000
vt 0.061257 0.414393 0.000000
vt 0.061257 0.186668 0.000000
vt 0.081568 0.414393 0.000000
vt 0.122189 0.187956 0.000000
vt 0.122189 0.161776 0.000000
vt 0.020818 0.187642 0.000000
vt 0.020636 0.414393 0.000000
vt 0.142682 0.187642 0.000000
vt 0.142243 0.161776 0.000000
vt 0.162993 0.186998 0.000000
vt 0.162555 0.161776 0.000000
vt 0.000326 0.187956 0.000000
vt 0.000326 0.414393 0.000000
vt 0.101879 0.414393 0.000000
vt 0.183121 0.186668 0.000000
vt 0.183121 0.161776 0.000000
vt 0.223560 0.187642 0.000000
vt 0.223742 0.414393 0.000000
vt 0.244052 0.414393 0.000000
vt 0.244052 0.187956 0.000000
vt 0.203249 0.186998 0.000000
vt 0.203687 0.161776 0.000000
vt 0.223999 0.161776 0.000000
vt 0.203431 0.414393 0.000000
vt 0.122189 0.414393 0.000000
vt 0.244052 0.161776 0.000000
vt 0.183121 0.414393 0.000000
vt 0.000326 0.161776 0.000000
vt 0.020380 0.161776 0.000000
vt 0.040691 0.161776 0.000000
vt 0.162810 0.414393 0.000000
vt 0.142500 0.414393 0.000000
vt 0.061257 0.161776 0.000000
vt 0.617211 0.688286 0.000000
vt 0.697072 0.687888 0.000000
vt 0.695804 0.672786 0.000000
vt 0.618117 0.659502 0.000000
vt 0.626583 0.635011 0.000000
vt 0.702256 0.659073 0.000000
vt 0.642136 0.609324 0.000000
vt 0.662777 0.591852 0.000000
vt 0.714699 0.650423 0.000000
vt 0.688182 0.577543 0.000000
vt 0.713963 0.572633 0.000000
vt 0.729801 0.649154 0.000000
vt 0.743917 0.572675 0.000000
vt 0.743513 0.655607 0.000000
vt 0.794408 0.596025 0.000000
vt 0.770617 0.581798 0.000000
vt 0.812463 0.616227 0.000000
vt 0.752162 0.668051 0.000000
vt 0.826125 0.641335 0.000000
vt 0.831379 0.666572 0.000000
vt 0.753430 0.683154 0.000000
vt 0.830570 0.696466 0.000000
vt 0.821643 0.721893 0.000000
vt 0.746979 0.696867 0.000000
vt 0.806552 0.746644 0.000000
vt 0.785950 0.764081 0.000000
vt 0.734535 0.705516 0.000000
vt 0.760617 0.780859 0.000000
vt 0.735195 0.783291 0.000000
vt 0.719434 0.706785 0.000000
vt 0.704770 0.783293 0.000000
vt 0.679735 0.774938 0.000000
vt 0.705721 0.700332 0.000000
vt 0.654279 0.759944 0.000000
vt 0.636804 0.740579 0.000000
vt 0.622562 0.714633 0.000000
vt 0.068156 0.529007 0.000000
vt 0.042417 0.529001 0.000000
vt 0.042417 0.536484 0.000000
vt 0.068156 0.536478 0.000000
vt 0.123009 0.529007 0.000000
vt 0.096548 0.529007 0.000000
vt 0.096548 0.536478 0.000000
vt 0.123009 0.536478 0.000000
vt 0.177861 0.529007 0.000000
vt 0.152190 0.529007 0.000000
vt 0.152190 0.536478 0.000000
vt 0.177861 0.536478 0.000000
vt 0.206998 0.536478 0.000000
vt 0.206998 0.529007 0.000000
vt 0.735195 0.790846 0.000000
vt 0.760379 0.793236 0.000000
vt 0.978606 0.944349 0.000000
vt 0.978606 0.970729 0.000000
vt 0.986025 0.970729 0.000000
vt 0.986025 0.944349 0.000000
vt 0.978606 0.889624 0.000000
vt 0.978606 0.915977 0.000000
vt 0.986025 0.915977 0.000000
vt 0.986025 0.889624 0.000000
vt 0.978606 0.835149 0.000000
vt 0.978604 0.860471 0.000000
vt 0.986027 0.860471 0.000000
vt 0.986025 0.835149 0.000000
vt 0.978606 0.780676 0.000000
vt 0.978603 0.807053 0.000000
vt 0.986027 0.807053 0.000000
vt 0.986025 0.780676 0.000000
vt 0.978606 0.725951 0.000000
vt 0.978606 0.753534 0.000000
vt 0.986025 0.753534 0.000000
vt 0.986025 0.725951 0.000000
vt 0.978606 0.670967 0.000000
vt 0.978606 0.696631 0.000000
vt 0.986025 0.696631 0.000000
vt 0.986025 0.670967 0.000000
vt 0.978606 0.615983 0.000000
vt 0.978606 0.642425 0.000000
vt 0.986025 0.642425 0.000000
vt 0.986025 0.615983 0.000000
vt 0.988375 0.999674 0.000000
vt 0.976214 0.999441 0.000000
vt 0.704770 0.790844 0.000000
vt 0.232965 0.529007 0.000000
vt 0.232965 0.536478 0.000000
vt 0.986031 0.586817 0.000000
vt 0.978600 0.586817 0.000000
vt 0.785313 0.809860 0.000000
vt 0.663256 0.980644 0.000000
vt 0.714017 0.999674 0.000000
vt 0.680018 0.799118 0.000000
vt 0.627554 0.938291 0.000000
vt 0.637449 0.833200 0.000000
vt 0.618038 0.885050 0.000000
vt 0.820697 0.851647 0.000000
vt 0.770166 0.990567 0.000000
vt 0.830398 0.906251 0.000000
vt 0.811513 0.956603 0.000000
vt 0.688480 0.994829 0.000000
vt 0.805707 0.827100 0.000000
vt 0.642805 0.963357 0.000000
vt 0.793782 0.976427 0.000000
vt 0.618955 0.913631 0.000000
vt 0.743742 0.999613 0.000000
vt 0.654730 0.814030 0.000000
vt 0.825192 0.931484 0.000000
vt 0.829557 0.876826 0.000000
vt 0.623320 0.858973 0.000000
vt 0.660567 0.239048 0.000000
vt 0.660567 0.241491 0.000000
vt 0.675446 0.241491 0.000000
vt 0.675446 0.239048 0.000000
vt 0.660567 0.236605 0.000000
vt 0.675446 0.236605 0.000000
vt 0.660567 0.234162 0.000000
vt 0.675446 0.234162 0.000000
vt 0.660567 0.231719 0.000000
vt 0.675446 0.231719 0.000000
vt 0.734961 0.241491 0.000000
vt 0.734961 0.243934 0.000000
vt 0.749839 0.243934 0.000000
vt 0.749839 0.241491 0.000000
vt 0.720082 0.239048 0.000000
vt 0.720082 0.241491 0.000000
vt 0.734961 0.239048 0.000000
vt 0.675446 0.243934 0.000000
vt 0.690325 0.243934 0.000000
vt 0.690325 0.241491 0.000000
vt 0.734961 0.231719 0.000000
vt 0.734961 0.234162 0.000000
vt 0.749839 0.234162 0.000000
vt 0.749839 0.231719 0.000000
vt 0.734961 0.236605 0.000000
vt 0.749839 0.236605 0.000000
vt 0.660567 0.243934 0.000000
vt 0.645689 0.239048 0.000000
vt 0.645689 0.241491 0.000000
vt 0.645689 0.236605 0.000000
vt 0.645689 0.234162 0.000000
vt 0.645689 0.231719 0.000000
vt 0.749839 0.239048 0.000000
vt 0.690325 0.234162 0.000000
vt 0.690325 0.231719 0.000000
vt 0.690325 0.236605 0.000000
vt 0.690325 0.239048 0.000000
vt 0.645689 0.243934 0.000000
vt 0.630810 0.239048 0.000000
vt 0.630810 0.241491 0.000000
vt 0.630810 0.236605 0.000000
vt 0.630810 0.234162 0.000000
vt 0.630810 0.231719 0.000000
vt 0.764718 0.243934 0.000000
vt 0.764718 0.241491 0.000000
vt 0.720082 0.236605 0.000000
vt 0.705203 0.243934 0.000000
vt 0.705203 0.241491 0.000000
vt 0.720082 0.234162 0.000000
vt 0.630810 0.243934 0.000000
vt 0.824233 0.239048 0.000000
vt 0.824233 0.241491 0.000000
vt 0.839111 0.241491 0.000000
vt 0.839111 0.239048 0.000000
vt 0.824233 0.236605 0.000000
vt 0.839111 0.236605 0.000000
vt 0.824233 0.234162 0.000000
vt 0.839111 0.234162 0.000000
vt 0.824233 0.231719 0.000000
vt 0.839111 0.231719 0.000000
vt 0.720082 0.231719 0.000000
vt 0.764718 0.234162 0.000000
vt 0.764718 0.231719 0.000000
vt 0.764718 0.236605 0.000000
vt 0.705203 0.234162 0.000000
vt 0.705203 0.231719 0.000000
vt 0.705203 0.236605 0.000000
vt 0.824233 0.243934 0.000000
vt 0.839111 0.243934 0.000000
vt 0.809354 0.239048 0.000000
vt 0.809354 0.241491 0.000000
vt 0.809354 0.236605 0.000000
vt 0.809354 0.234162 0.000000
vt 0.809354 0.231719 0.000000
vt 0.764718 0.239048 0.000000
vt 0.705203 0.239048 0.000000
vt 0.720082 0.243934 0.000000
vt 0.809354 0.243934 0.000000
vt 0.794475 0.239048 0.000000
vt 0.794475 0.241491 0.000000
vt 0.794475 0.236605 0.000000
vt 0.794475 0.234162 0.000000
vt 0.794475 0.231719 0.000000
vt 0.779597 0.243934 0.000000
vt 0.779597 0.241491 0.000000
vt 0.779597 0.234162 0.000000
vt 0.779597 0.231719 0.000000
vt 0.779597 0.236605 0.000000
vt 0.794475 0.243934 0.000000
vt 0.779597 0.239048 0.000000
vt 0.281280 0.872089 0.000000
vt 0.247303 0.881313 0.000000
vt 0.220041 0.974942 0.000000
vt 0.246944 0.985462 0.000000
vt 0.243392 0.993687 0.000000
vt 0.239138 0.998407 0.000000
vt 0.235981 0.999674 0.000000
vt 0.042468 0.998407 0.000000
vt 0.045625 0.999674 0.000000
vt 0.038214 0.993687 0.000000
vt 0.034662 0.985462 0.000000
vt 0.034303 0.881313 0.000000
vt 0.000326 0.872089 0.000000
vt 0.060434 0.975429 0.000000
vt 0.064685 0.977900 0.000000
vt 0.216920 0.978066 0.000000
vt 0.680121 0.115755 0.000000
vt 0.551084 0.115755 0.000000
vt 0.553060 0.120622 0.000000
vt 0.680082 0.120652 0.000000
vt 0.541325 0.115755 0.000000
vt 0.534402 0.115755 0.000000
vt 0.534362 0.120623 0.000000
vt 0.542531 0.120623 0.000000
vt 0.000326 0.543933 0.000000
vt 0.034303 0.535298 0.000000
vt 0.061565 0.441668 0.000000
vt 0.034662 0.430560 0.000000
vt 0.038214 0.422335 0.000000
vt 0.042468 0.417615 0.000000
vt 0.045625 0.416348 0.000000
vt 0.239138 0.417615 0.000000
vt 0.235981 0.416348 0.000000
vt 0.243392 0.422335 0.000000
vt 0.246944 0.430560 0.000000
vt 0.247303 0.535298 0.000000
vt 0.281280 0.543933 0.000000
vt 0.220041 0.441668 0.000000
vt 0.216920 0.438545 0.000000
vt 0.064685 0.438545 0.000000
vt 0.325585 0.120623 0.000000
vt 0.325585 0.126308 0.000000
vt 0.528454 0.126308 0.000000
vt 0.528454 0.120623 0.000000
vt 0.530697 0.131176 0.000000
vt 0.534402 0.131176 0.000000
vt 0.534362 0.126309 0.000000
vt 0.680082 0.126279 0.000000
vt 0.853713 0.126063 0.000000
vt 0.853713 0.120868 0.000000
vt 0.246007 0.163299 0.000000
vt 0.246007 0.166439 0.000000
vt 0.249864 0.166572 0.000000
vt 0.249864 0.163166 0.000000
vt 0.244182 0.878189 0.000000
vt 0.246942 0.716472 0.000000
vt 0.173957 0.120652 0.000000
vt 0.173957 0.126279 0.000000
vt 0.300979 0.126309 0.000000
vt 0.300979 0.120622 0.000000
vt 0.000326 0.058087 0.000000
vt 0.000326 0.067527 0.000000
vt 0.149417 0.067527 0.000000
vt 0.149417 0.058087 0.000000
vt 0.323341 0.131176 0.000000
vt 0.302955 0.115755 0.000000
vt 0.311507 0.120623 0.000000
vt 0.312714 0.115755 0.000000
vt 0.315838 0.254189 0.000000
vt 0.315848 0.257457 0.000000
vt 0.524822 0.256841 0.000000
vt 0.524812 0.253573 0.000000
vt 0.311507 0.126308 0.000000
vt 0.994617 0.845153 0.000000
vt 0.991073 0.845153 0.000000
vt 0.991147 0.995779 0.000000
vt 0.994542 0.995779 0.000000
vt 0.153021 0.067527 0.000000
vt 0.153021 0.058087 0.000000
vt 0.455880 0.067527 0.000000
vt 0.455880 0.058087 0.000000
vt 0.250884 0.058087 0.000000
vt 0.250884 0.067527 0.000000
vt 0.991276 0.999674 0.000000
vt 0.994414 0.999674 0.000000
vt 0.877566 0.655605 0.000000
vt 0.877566 0.658954 0.000000
vt 0.974158 0.658850 0.000000
vt 0.974158 0.655710 0.000000
vt 0.974158 0.664154 0.000000
vt 0.974158 0.661014 0.000000
vt 0.877566 0.660909 0.000000
vt 0.877566 0.664258 0.000000
vt 0.315838 0.260698 0.000000
vt 0.318004 0.263315 0.000000
vt 0.320117 0.262681 0.000000
vt 0.320127 0.259412 0.000000
vt 0.527037 0.257457 0.000000
vt 0.529130 0.254774 0.000000
vt 0.529120 0.263315 0.000000
vt 0.529130 0.260046 0.000000
vt 0.031630 0.704890 0.000000
vt 0.031630 0.711132 0.000000
vt 0.249976 0.711132 0.000000
vt 0.249976 0.704890 0.000000
vt 0.557081 0.067527 0.000000
vt 0.557081 0.058087 0.000000
vt 0.553743 0.058087 0.000000
vt 0.553743 0.067527 0.000000
vt 0.458101 0.058087 0.000000
vt 0.458101 0.067527 0.000000
vt 0.319677 0.126309 0.000000
vt 0.319636 0.131176 0.000000
vt 0.037424 0.538421 0.000000
vt 0.034664 0.699550 0.000000
vt 0.000326 0.115755 0.000000
vt 0.000326 0.120868 0.000000
vt 0.173918 0.115755 0.000000
vt 0.400493 0.166768 0.000000
vt 0.400493 0.162970 0.000000
vt 0.542531 0.126308 0.000000
vt 0.312714 0.131176 0.000000
vt 0.319677 0.120623 0.000000
vt 0.319636 0.115755 0.000000
vt 0.244182 0.538421 0.000000
vt 0.246942 0.699550 0.000000
vt 0.302955 0.131176 0.000000
vt 0.248663 0.058087 0.000000
vt 0.248663 0.067527 0.000000
vt 0.530697 0.115755 0.000000
vt 0.323341 0.115755 0.000000
vt 0.853713 0.115755 0.000000
vt 0.000326 0.126063 0.000000
vt 0.541325 0.131176 0.000000
vt 0.551084 0.131176 0.000000
vt 0.553060 0.126309 0.000000
vt 0.173918 0.131176 0.000000
vt 0.000326 0.131176 0.000000
vt 0.680121 0.131176 0.000000
vt 0.853713 0.131176 0.000000
vt 0.609647 0.276033 0.000000
vt 0.603366 0.276033 0.000000
vt 0.603366 0.495752 0.000000
vt 0.609647 0.495752 0.000000
vt 0.034664 0.716472 0.000000
vt 0.037424 0.878189 0.000000
vt 0.404735 0.162674 0.000000
vt 0.404735 0.167064 0.000000
vt 0.994414 0.841126 0.000000
vt 0.991276 0.841126 0.000000
vt 0.501416 0.163194 0.000000
vt 0.501416 0.166544 0.000000
vt 0.994519 0.744568 0.000000
vt 0.991171 0.744568 0.000000
vt 0.992813 0.740498 0.000000
vt 0.990330 0.742563 0.000000
vt 0.505483 0.164883 0.000000
vt 0.503502 0.167410 0.000000
vt 0.334491 0.330186 0.000000
vt 0.327189 0.341025 0.000000
vt 0.350444 0.322027 0.000000
vt 0.339899 0.325464 0.000000
vt 0.610170 0.598937 0.000000
vt 0.615245 0.587121 0.000000
vt 0.615162 0.577032 0.000000
vt 0.571426 0.341025 0.000000
vt 0.548171 0.322027 0.000000
vt 0.558716 0.325464 0.000000
vt 0.564124 0.330186 0.000000
vt 0.356124 0.658143 0.000000
vt 0.404852 0.655047 0.000000
vt 0.283453 0.577032 0.000000
vt 0.288445 0.598937 0.000000
vt 0.493763 0.655047 0.000000
vt 0.542492 0.658143 0.000000
vt 0.540503 0.659449 0.000000
vt 0.526025 0.658129 0.000000
vt 0.536062 0.659873 0.000000
vt 0.362553 0.659873 0.000000
vt 0.372590 0.658129 0.000000
vt 0.358112 0.659449 0.000000
vt 0.283235 0.587004 0.000000
vt 0.610035 0.938738 0.000000
vt 0.615256 0.926209 0.000000
vt 0.615027 0.916833 0.000000
vt 0.350309 0.661828 0.000000
vt 0.327054 0.680826 0.000000
vt 0.571291 0.680826 0.000000
vt 0.548036 0.661828 0.000000
vt 0.694615 0.104249 0.000000
vt 0.694615 0.110485 0.000000
vt 0.700113 0.110483 0.000000
vt 0.700113 0.104251 0.000000
vt 0.418283 0.100934 0.000000
vt 0.418062 0.104250 0.000000
vt 0.422117 0.104249 0.000000
vt 0.421582 0.100934 0.000000
vt 0.297065 0.100934 0.000000
vt 0.299069 0.104249 0.000000
vt 0.322555 0.104248 0.000000
vt 0.321032 0.100934 0.000000
vt 0.418062 0.110484 0.000000
vt 0.422117 0.110485 0.000000
vt 0.506825 0.113800 0.000000
vt 0.684321 0.113800 0.000000
vt 0.683942 0.110485 0.000000
vt 0.508841 0.110485 0.000000
vt 0.289531 0.100934 0.000000
vt 0.291537 0.104250 0.000000
vt 0.709275 0.110484 0.000000
vt 0.699295 0.113800 0.000000
vt 0.707496 0.113800 0.000000
vt 0.684315 0.100934 0.000000
vt 0.506812 0.100934 0.000000
vt 0.508841 0.104249 0.000000
vt 0.683942 0.104249 0.000000
vt 0.709275 0.104250 0.000000
vt 0.286232 0.100934 0.000000
vt 0.287481 0.104249 0.000000
vt 0.418267 0.113800 0.000000
vt 0.421566 0.113800 0.000000
vt 0.208465 0.100934 0.000000
vt 0.208864 0.104249 0.000000
vt 0.218838 0.104249 0.000000
vt 0.217975 0.100934 0.000000
vt 0.286222 0.113800 0.000000
vt 0.287481 0.110485 0.000000
vt 0.284585 0.110485 0.000000
vt 0.284462 0.113800 0.000000
vt 0.386768 0.113800 0.000000
vt 0.410734 0.113800 0.000000
vt 0.410529 0.110485 0.000000
vt 0.387043 0.110486 0.000000
vt 0.014986 0.104249 0.000000
vt 0.009488 0.104251 0.000000
vt 0.009488 0.110483 0.000000
vt 0.014986 0.110485 0.000000
vt 0.013837 0.100934 0.000000
vt 0.025659 0.104249 0.000000
vt 0.023501 0.100934 0.000000
vt 0.201004 0.100934 0.000000
vt 0.200760 0.104249 0.000000
vt 0.025659 0.110485 0.000000
vt 0.410749 0.100934 0.000000
vt 0.386782 0.100934 0.000000
vt 0.387043 0.104248 0.000000
vt 0.410529 0.104249 0.000000
vt 0.200760 0.110485 0.000000
vt 0.693980 0.100934 0.000000
vt 0.693986 0.113800 0.000000
vt 0.501444 0.104259 0.000000
vt 0.501444 0.110513 0.000000
vt 0.208864 0.110485 0.000000
vt 0.490760 0.110485 0.000000
vt 0.489821 0.113800 0.000000
vt 0.499450 0.113800 0.000000
vt 0.425014 0.104250 0.000000
vt 0.425014 0.110485 0.000000
vt 0.490760 0.104249 0.000000
vt 0.218838 0.110485 0.000000
vt 0.284585 0.104250 0.000000
vt 0.423326 0.113800 0.000000
vt 0.000326 0.100934 0.000000
vt 0.000326 0.104250 0.000000
vt 0.008528 0.100934 0.000000
vt 0.291537 0.110484 0.000000
vt 0.299069 0.110485 0.000000
vt 0.322555 0.110486 0.000000
vt 0.284473 0.100934 0.000000
vt 0.489840 0.100934 0.000000
vt 0.423342 0.100934 0.000000
vt 0.217967 0.113800 0.000000
vt 0.208457 0.113800 0.000000
vt 0.000326 0.110484 0.000000
vt 0.853713 0.100934 0.000000
vt 0.707491 0.100934 0.000000
vt 0.853713 0.104250 0.000000
vt 0.499877 0.100934 0.000000
vt 0.013836 0.113800 0.000000
vt 0.008528 0.113800 0.000000
vt 0.023501 0.113800 0.000000
vt 0.699289 0.100934 0.000000
vt 0.289521 0.113800 0.000000
vt 0.200997 0.113800 0.000000
vt 0.321020 0.113800 0.000000
vt 0.297054 0.113800 0.000000
vt 0.853713 0.113800 0.000000
vt 0.853713 0.110484 0.000000
vt 0.000326 0.113800 0.000000
vt 0.283318 0.916833 0.000000
vt 0.283235 0.926922 0.000000
vt 0.288310 0.938738 0.000000
vt 0.540368 0.999249 0.000000
vt 0.542357 0.997943 0.000000
vt 0.525890 0.997930 0.000000
vt 0.535927 0.999674 0.000000
vt 0.362418 0.999674 0.000000
vt 0.372455 0.997930 0.000000
vt 0.355988 0.997943 0.000000
vt 0.357977 0.999249 0.000000
vt 0.404717 0.994848 0.000000
vt 0.493628 0.994848 0.000000
vt 0.558581 0.665265 0.000000
vt 0.563989 0.669987 0.000000
vt 0.334356 0.669987 0.000000
vt 0.339764 0.665265 0.000000
# 893 texture coordinates

o Default
usemtl default
f 1/3/3 2/2/2 3/1/1
f 3/1/1 4/4/4 1/3/3
f 5/7/5 6/6/6 1/5/5
f 1/5/5 4/8/7 5/7/5
f 7/11/8 8/10/9 9/9/8
f 9/9/8 10/12/10 7/11/8
f 11/15/13 12/14/12 13/13/11
f 13/13/11 14/16/14 11/15/13
f 15/19/17 16/18/16 17/17/15
f 17/17/15 18/20/18 15/19/17
f 19/23/21 20/22/20 21/21/19
f 21/21/19 22/24/22 19/23/21
f 23/27/25 24/26/24 13/25/23
f 13/25/23 21/21/19 23/27/25
f 20/22/20 25/28/26 23/27/25
f 23/27/25 21/21/19 20/22/20
f 26/31/29 27/30/28 28/29/27
f 28/29/27 29/32/30 26/31/29
f 13/25/23 24/26/24 30/33/31
f 30/33/31 14/34/32 13/25/23
f 31/36/34 30/33/31 32/35/33
f 32/35/33 29/32/30 31/36/34
f 14/34/32 30/33/31 31/36/34
f 33/37/35 25/28/26 20/22/20
f 20/22/20 18/38/36 33/37/35
f 32/35/33 26/31/29 29/32/30
f 18/38/36 17/39/37 28/29/27
f 27/30/28 33/37/35 18/38/36
f 18/38/36 28/29/27 27/30/28
f 4/42/40 3/41/39 24/40/38
f 24/40/38 23/43/41 4/42/40
f 34/46/44 35/45/43 36/44/42
f 36/44/42 37/47/45 34/46/44
f 10/50/48 38/49/47 39/48/46
f 39/48/46 40/51/49 10/50/48
f 39/54/52 41/53/51 42/52/50
f 41/53/51 39/54/52 38/55/53
f 38/55/53 43/56/54 41/53/51
f 42/52/50 44/57/55 39/54/52
f 45/60/58 46/59/57 47/58/56
f 3/1/1 2/2/2 48/61/59
f 48/61/59 49/62/60 3/1/1
f 46/59/57 45/60/58 50/63/61
f 50/63/61 51/64/62 46/59/57
f 51/64/62 50/63/61 52/65/63
f 52/65/63 37/47/45 51/64/62
f 34/46/44 37/47/45 52/65/63
f 52/65/63 53/66/64 34/46/44
f 44/57/55 34/46/44 53/66/64
f 53/66/64 54/67/65 44/57/55
f 6/70/68 55/69/67 54/68/66
f 54/68/66 53/71/69 6/70/68
f 44/57/55 54/67/65 39/54/52
f 43/56/54 38/55/53 56/72/70
f 9/75/73 48/74/72 45/73/71
f 45/73/71 56/76/74 9/75/73
f 56/72/70 45/60/58 47/58/56
f 47/58/56 43/56/54 56/72/70
f 57/78/77 12/14/76 58/77/75
f 58/77/75 59/79/78 57/78/77
f 10/50/79 9/81/73 56/80/74
f 56/80/74 38/49/80 10/50/79
f 12/14/12 57/78/82 21/82/81
f 21/82/81 13/13/11 12/14/12
f 8/85/85 7/84/84 26/83/83
f 26/83/83 32/86/86 8/85/85
f 48/74/72 2/88/88 50/87/87
f 50/87/87 45/73/71 48/74/72
f 41/91/91 43/90/90 60/89/89
f 60/89/89 61/92/92 41/91/91
f 55/69/67 40/94/49 39/93/46
f 39/93/46 54/68/66 55/69/67
f 61/92/95 60/89/94 62/95/93
f 62/95/93 63/96/96 61/92/95
f 40/99/99 55/98/98 64/97/97
f 64/97/97 65/100/100 40/99/99
f 64/103/103 5/102/102 25/101/101
f 25/101/101 33/104/104 64/103/103
f 6/6/106 5/7/105 64/97/97
f 64/97/97 55/98/98 6/6/106
f 5/102/102 4/106/108 23/105/107
f 23/105/107 25/101/101 5/102/102
f 2/109/88 1/108/110 52/107/109
f 52/107/109 50/110/87 2/109/88
f 3/41/39 49/112/112 30/111/111
f 30/111/111 24/40/38 3/41/39
f 65/100/113 7/11/114 10/12/113
f 10/12/113 40/99/115 65/100/113
f 65/115/116 64/114/103 33/113/104
f 33/113/104 27/116/117 65/115/116
f 1/108/118 6/118/68 53/117/69
f 53/117/69 52/107/119 1/108/118
f 49/121/112 8/120/85 32/119/86
f 32/119/86 30/122/111 49/121/112
f 7/84/120 65/115/116 27/116/117
f 27/116/117 26/83/121 7/84/120
f 48/61/59 9/9/123 8/10/122
f 8/10/122 49/62/60 48/61/59
f 36/124/126 66/123/125 59/79/124
f 59/79/124 37/125/127 36/124/126
f 66/123/129 67/126/128 57/78/77
f 57/78/77 59/79/78 66/123/129
f 22/128/132 67/126/131 68/127/130
f 68/127/130 19/129/133 22/128/132
f 69/132/136 70/131/135 44/130/134
f 44/130/134 42/133/137 69/132/136
f 71/135/140 68/127/139 72/134/138
f 72/134/138 73/136/141 71/135/140
f 15/19/142 71/135/140 73/136/141
f 73/136/141 70/131/143 15/19/142
f 68/127/139 67/126/128 66/123/129
f 66/123/129 72/134/138 68/127/139
f 63/96/146 62/95/145 29/137/144
f 29/137/144 28/138/147 63/96/146
f 74/139/148 11/15/13 14/16/14
f 14/16/14 31/140/149 74/139/148
f 70/131/135 73/136/151 34/141/150
f 34/141/150 44/130/134 70/131/135
f 75/144/154 76/143/153 47/142/152
f 47/142/152 46/145/155 75/144/154
f 16/18/156 15/19/142 70/131/143
f 70/131/143 69/132/157 16/18/156
f 71/135/158 15/19/17 18/20/18
f 18/20/18 20/146/159 71/135/158
f 68/127/130 71/135/158 20/146/159
f 20/146/159 19/129/133 68/127/130
f 73/136/151 72/134/161 35/147/160
f 35/147/160 34/141/150 73/136/151
f 62/148/162 74/139/148 31/140/149
f 31/140/149 29/149/163 62/148/162
f 69/132/157 61/151/95 63/150/96
f 63/150/96 16/18/156 69/132/157
f 57/78/82 67/126/131 22/128/132
f 22/128/132 21/82/81 57/78/82
f 12/14/76 11/15/165 75/144/164
f 75/144/164 58/77/75 12/14/76
f 76/143/153 60/153/167 43/152/166
f 43/152/166 47/142/152 76/143/153
f 61/151/92 69/132/136 42/133/137
f 42/133/137 41/154/91 61/151/92
f 11/15/165 74/139/169 76/143/168
f 76/143/168 75/144/164 11/15/165
f 58/77/170 75/144/154 46/145/155
f 46/145/155 51/155/171 58/77/170
f 16/18/16 63/150/146 28/156/147
f 28/156/147 17/17/15 16/18/16
f 72/134/161 66/123/125 36/124/126
f 36/124/126 35/147/160 72/134/161
f 59/79/124 58/77/170 51/155/171
f 51/155/171 37/125/127 59/79/124
f 74/139/169 62/148/173 60/153/172
f 60/153/172 76/143/168 74/139/169
f 77/159/176 78/158/175 79/157/174
f 79/157/174 80/160/177 77/159/176
f 81/161/178 78/158/179 77/159/178
f 77/159/178 82/162/180 81/161/178
f 83/165/181 84/164/182 85/163/181
f 85/163/181 86/166/183 83/165/181
f 87/169/186 88/168/185 89/167/184
f 89/167/184 90/170/187 87/169/186
f 91/173/190 92/172/189 93/171/188
f 93/171/188 94/174/191 91/173/190
f 95/177/194 96/176/193 97/175/192
f 97/175/192 98/178/195 95/177/194
f 99/180/197 97/175/192 89/179/196
f 89/179/196 100/181/198 99/180/197
f 98/178/195 97/175/192 99/180/197
f 99/180/197 101/182/199 98/178/195
f 102/185/202 103/184/201 104/183/200
f 104/183/200 105/186/203 102/185/202
f 89/179/196 88/188/205 106/187/204
f 106/187/204 100/181/198 89/179/196
f 107/190/207 103/184/201 108/189/206
f 108/189/206 106/187/204 107/190/207
f 106/187/204 88/188/205 107/190/207
f 109/192/209 92/191/208 98/178/195
f 98/178/195 101/182/199 109/192/209
f 102/185/202 108/189/206 103/184/201
f 93/193/210 92/191/208 104/183/200
f 105/186/203 104/183/200 92/191/208
f 92/191/208 109/192/209 105/186/203
f 78/196/213 99/195/212 100/194/211
f 100/194/211 79/197/214 78/196/213
f 110/200/217 111/199/216 112/198/215
f 112/198/215 113/201/218 110/200/217
f 84/204/221 114/203/220 115/202/219
f 115/202/219 116/205/222 84/204/221
f 117/208/225 115/207/224 118/206/223
f 117/208/225 119/210/227 116/209/226
f 116/209/226 115/207/224 117/208/225
f 120/211/228 118/206/223 115/207/224
f 121/214/231 122/213/230 123/212/229
f 79/157/174 124/216/233 125/215/232
f 125/215/232 80/160/177 79/157/174
f 121/214/231 126/218/235 127/217/234
f 127/217/234 122/213/230 121/214/231
f 126/218/235 111/199/216 128/219/236
f 128/219/236 127/217/234 126/218/235
f 110/200/217 129/220/237 128/219/236
f 128/219/236 111/199/216 110/200/217
f 120/211/228 130/221/238 129/220/237
f 129/220/237 110/200/217 120/211/228
f 82/224/241 129/223/240 130/222/239
f 130/222/239 131/225/242 82/224/241
f 130/221/238 120/211/228 115/207/224
f 116/209/226 119/210/227 132/226/243
f 85/229/246 132/228/245 122/227/244
f 122/227/244 125/230/247 85/229/246
f 132/226/243 119/210/227 123/212/229
f 123/212/229 122/213/230 132/226/243
f 133/233/250 134/232/249 135/231/248
f 135/231/248 90/170/251 133/233/250
f 84/204/253 116/205/252 132/234/245
f 132/234/245 85/235/246 84/204/253
f 90/170/187 89/167/184 97/236/254
f 97/236/254 133/233/255 90/170/187
f 86/239/258 108/238/257 102/237/256
f 102/237/256 83/240/259 86/239/258
f 125/230/247 122/227/244 127/241/260
f 127/241/260 80/242/261 125/230/247
f 117/245/264 136/244/263 137/243/262
f 137/243/262 119/246/265 117/245/264
f 131/225/242 130/222/239 115/247/219
f 115/247/219 114/248/220 131/225/242
f 136/244/268 138/250/267 139/249/266
f 139/249/266 137/243/269 136/244/268
f 114/253/272 140/252/271 141/251/270
f 141/251/270 131/254/273 114/253/272
f 141/257/276 109/256/275 101/255/274
f 101/255/274 81/258/277 141/257/276
f 82/162/278 131/254/273 141/251/270
f 141/251/270 81/161/279 82/162/278
f 81/260/277 101/259/274 99/195/280
f 99/195/280 78/196/281 81/260/277
f 80/263/261 127/262/260 128/261/282
f 128/261/282 77/264/283 80/263/261
f 79/267/214 100/266/211 106/265/284
f 106/265/284 124/268/285 79/267/214
f 140/252/286 114/253/287 84/164/286
f 84/164/286 83/165/288 140/252/286
f 140/270/290 105/269/289 109/256/275
f 109/256/275 141/257/276 140/270/290
f 77/264/292 128/261/291 129/271/240
f 129/271/240 82/272/241 77/264/292
f 124/268/285 106/265/284 108/273/257
f 108/273/257 86/274/258 124/268/285
f 83/240/294 102/237/293 105/275/289
f 105/275/289 140/276/290 83/240/294
f 125/278/232 124/277/233 86/166/295
f 86/166/295 85/163/296 125/278/232
f 112/280/299 111/279/298 134/232/297
f 134/232/297 142/281/300 112/280/299
f 142/281/301 134/232/249 133/233/250
f 133/233/250 143/282/302 142/281/301
f 96/285/305 95/284/304 144/283/303
f 144/283/303 143/282/306 96/285/305
f 145/288/309 118/287/308 120/286/307
f 120/286/307 146/289/310 145/288/309
f 147/292/313 148/291/312 149/290/311
f 149/290/311 144/283/314 147/292/313
f 91/173/316 146/289/315 148/291/312
f 148/291/312 147/292/313 91/173/316
f 144/283/314 149/290/311 142/281/301
f 142/281/301 143/282/302 144/283/314
f 138/250/319 104/183/318 103/184/317
f 103/184/317 139/249/320 138/250/319
f 150/294/322 107/293/321 88/168/185
f 88/168/185 87/169/186 150/294/322
f 146/289/310 120/286/307 110/295/323
f 110/295/323 148/291/324 146/289/310
f 151/298/327 121/297/326 123/296/325
f 123/296/325 152/299/328 151/298/327
f 94/174/330 145/288/329 146/289/315
f 146/289/315 91/173/316 94/174/330
f 147/292/332 98/300/331 92/172/189
f 92/172/189 91/173/190 147/292/332
f 144/283/303 95/284/304 98/300/331
f 98/300/331 147/292/332 144/283/303
f 148/291/324 110/295/323 113/301/333
f 113/301/333 149/290/334 148/291/324
f 139/303/336 103/302/335 107/293/321
f 107/293/321 150/294/322 139/303/336
f 145/288/329 94/174/330 138/304/267
f 138/304/267 136/305/268 145/288/329
f 133/233/255 97/236/254 96/285/305
f 96/285/305 143/282/306 133/233/255
f 90/170/251 135/231/248 151/298/337
f 151/298/337 87/169/338 90/170/251
f 152/299/328 123/296/325 119/306/339
f 119/306/339 137/307/340 152/299/328
f 136/305/263 117/308/264 118/287/308
f 118/287/308 145/288/309 136/305/263
f 87/169/338 151/298/337 152/299/341
f 152/299/341 150/294/342 87/169/338
f 135/231/344 126/309/343 121/297/326
f 121/297/326 151/298/327 135/231/344
f 94/174/191 93/171/188 104/310/318
f 104/310/318 138/304/319 94/174/191
f 149/290/334 113/301/333 112/280/299
f 112/280/299 142/281/300 149/290/334
f 134/232/297 111/279/298 126/309/343
f 126/309/343 135/231/344 134/232/297
f 150/294/342 152/299/341 137/307/345
f 137/307/345 139/303/346 150/294/342
f 153/313/347 154/312/347 155/311/347
f 154/315/350 153/313/349 156/314/348
f 156/314/348 157/316/351 154/315/350
f 156/319/352 158/318/352 157/317/352
f 159/320/347 153/313/347 155/311/347
f 153/313/349 159/320/354 160/321/353
f 160/321/353 156/314/348 153/313/349
f 160/322/352 158/318/352 156/319/352
f 161/323/347 159/320/347 155/311/347
f 159/320/354 161/325/356 162/324/355
f 162/324/355 160/321/353 159/320/354
f 162/326/352 158/318/352 160/322/352
f 163/327/347 161/323/347 155/311/347
f 161/325/356 163/329/358 164/328/357
f 164/328/357 162/324/355 161/325/356
f 164/330/352 158/318/352 162/326/352
f 165/331/347 163/327/347 155/311/347
f 163/329/358 165/333/360 166/332/359
f 166/332/359 164/328/357 163/329/358
f 166/332/352 158/318/352 164/330/352
f 167/334/347 165/331/347 155/311/347
f 165/333/360 167/336/362 168/335/361
f 168/335/361 166/332/359 165/333/360
f 168/335/363 158/318/352 166/332/352
f 169/337/347 167/334/347 155/311/347
f 167/334/362 169/337/365 170/338/364
f 170/338/364 168/339/361 167/334/362
f 170/340/352 158/318/352 168/335/363
f 171/341/347 169/337/347 155/311/347
f 169/337/365 171/343/367 172/342/366
f 172/342/366 170/338/364 169/337/365
f 172/344/352 158/318/352 170/340/352
f 173/345/347 171/341/347 155/311/347
f 171/343/367 173/347/369 174/346/368
f 174/346/368 172/342/366 171/343/367
f 174/348/370 158/318/352 172/344/352
f 154/312/347 173/345/347 155/311/347
f 173/349/369 154/315/350 157/316/351
f 157/316/351 174/350/368 173/349/369
f 157/317/352 158/318/352 174/348/370
f 175/353/373 176/352/372 177/351/371
f 177/351/371 178/354/374 175/353/373
f 179/357/377 180/356/376 181/355/375
f 181/355/375 182/358/378 179/357/377
f 183/359/379 179/357/377 182/358/378
f 182/358/378 176/352/380 183/359/379
f 184/360/381 175/353/373 178/354/374
f 178/354/374 185/361/382 184/360/381
f 180/356/376 186/363/384 187/362/383
f 187/362/383 181/355/375 180/356/376
f 188/364/385 184/360/381 185/361/382
f 185/361/382 189/365/386 188/364/385
f 190/366/387 188/364/385 189/365/386
f 189/365/386 191/367/388 190/366/387
f 186/363/384 192/369/390 193/368/389
f 193/368/389 187/362/383 186/363/384
f 194/370/391 183/359/379 176/352/380
f 176/352/380 175/353/392 194/370/391
f 195/371/393 190/366/387 191/367/388
f 191/367/388 196/372/394 195/371/393
f 192/375/390 197/374/396 198/373/395
f 198/373/395 193/376/389 192/375/390
f 199/377/397 195/371/393 196/372/394
f 196/372/394 200/378/398 199/377/397
f 198/373/399 199/377/397 200/378/398
f 200/378/398 201/379/400 198/373/399
f 197/374/396 202/380/402 199/377/401
f 199/377/401 198/373/395 197/374/396
f 203/381/403 194/370/391 175/353/392
f 175/353/392 184/360/404 203/381/403
f 193/376/405 198/373/399 201/379/400
f 201/379/400 204/382/406 193/376/405
f 202/380/402 205/383/408 195/371/407
f 195/371/407 199/377/401 202/380/402
f 187/362/409 193/368/405 204/384/406
f 204/384/406 206/385/410 187/362/409
f 181/355/411 187/362/409 206/385/410
f 206/385/410 207/386/412 181/355/411
f 205/383/408 208/387/414 190/366/413
f 190/366/413 195/371/407 205/383/408
f 209/388/415 203/381/403 184/360/404
f 184/360/404 188/364/416 209/388/415
f 182/358/417 181/355/411 207/386/412
f 207/386/412 210/389/418 182/358/417
f 208/387/414 209/388/415 188/364/416
f 188/364/416 190/366/413 208/387/414
f 176/352/372 182/358/417 210/389/418
f 210/389/418 177/351/371 176/352/372
f 180/392/421 179/391/420 211/390/419
f 211/390/419 212/393/422 180/392/421
f 186/395/424 180/392/421 213/394/423
f 213/394/423 214/396/425 186/395/424
f 192/398/427 186/395/424 215/397/426
f 215/397/426 216/399/428 192/398/427
f 197/401/430 192/398/427 217/400/429
f 217/400/429 218/402/431 197/401/430
f 219/405/434 220/404/433 202/403/432
f 205/407/436 202/403/432 221/406/435
f 221/406/435 222/408/437 205/407/436
f 208/410/439 205/407/436 223/409/438
f 223/409/438 224/411/440 208/410/439
f 209/413/442 208/410/439 225/412/441
f 225/412/441 226/414/443 209/413/442
f 203/416/445 209/413/442 227/415/444
f 227/415/444 228/417/446 203/416/445
f 194/419/448 203/416/445 229/418/447
f 229/418/447 230/420/449 194/419/448
f 183/422/451 194/419/448 231/421/450
f 231/421/450 232/423/452 183/422/451
f 179/391/420 183/422/451 233/424/453
f 233/424/453 234/425/454 179/391/420
f 235/428/457 213/427/456 212/426/455
f 212/426/455 236/429/458 235/428/457
f 237/432/461 211/431/460 234/430/459
f 234/430/459 238/433/462 237/432/461
f 239/436/465 233/435/464 232/434/463
f 232/434/463 240/437/466 239/436/465
f 232/434/463 231/439/468 241/438/467
f 241/438/467 240/437/466 232/434/463
f 242/440/471 229/418/470 228/417/469
f 228/417/469 243/441/472 242/440/471
f 244/444/475 227/443/474 226/442/473
f 226/442/473 245/445/476 244/444/475
f 246/448/479 225/447/478 224/446/477
f 224/446/477 247/449/480 246/448/479
f 248/452/483 223/451/482 222/450/481
f 222/450/481 249/453/484 248/452/483
f 250/456/487 221/455/486 220/454/485
f 220/454/485 251/457/488 250/456/487
f 252/460/491 219/459/490 218/458/489
f 218/458/489 253/461/492 252/460/491
f 254/464/495 217/463/494 216/462/493
f 216/462/493 255/465/496 254/464/495
f 256/468/499 215/467/498 214/466/497
f 214/466/497 257/469/500 256/468/499
f 219/459/490 252/460/491 251/457/488
f 251/457/488 220/454/485 219/459/490
f 197/401/430 218/402/431 219/405/434
f 219/405/434 202/403/432 197/401/430
f 221/455/486 250/456/487 249/453/484
f 249/453/484 222/450/481 221/455/486
f 202/403/432 220/404/433 221/406/435
f 223/451/482 248/452/483 247/449/480
f 247/449/480 224/446/477 223/451/482
f 205/407/436 222/408/437 223/409/438
f 225/447/478 246/448/479 245/445/476
f 245/445/476 226/442/473 225/447/478
f 208/410/439 224/411/440 225/412/441
f 227/443/474 244/444/475 243/470/472
f 243/470/472 228/471/469 227/443/474
f 209/413/442 226/414/443 227/415/444
f 229/418/470 242/440/471 258/472/501
f 258/472/501 230/420/502 229/418/470
f 203/416/445 228/417/446 229/418/447
f 194/419/448 230/420/449 231/421/450
f 241/438/467 231/439/468 230/473/502
f 230/473/502 258/474/501 241/438/467
f 233/435/464 239/436/465 238/433/462
f 238/433/462 234/430/459 233/435/464
f 183/422/451 232/423/452 233/424/453
f 211/431/460 237/432/461 236/429/458
f 236/429/458 212/426/455 211/431/460
f 179/391/420 234/425/454 211/390/419
f 213/476/456 235/475/457 257/469/500
f 257/469/500 214/466/497 213/476/456
f 180/392/421 212/393/422 213/394/423
f 215/467/498 256/468/499 255/465/496
f 255/465/496 216/462/493 215/467/498
f 186/395/424 214/396/425 215/397/426
f 217/463/494 254/464/495 253/461/492
f 253/461/492 218/458/489 217/463/494
f 192/398/427 216/399/428 217/400/429
f 256/478/347 242/440/347 244/477/347
f 244/477/347 254/479/347 256/478/347
f 235/481/347 241/480/347 242/440/347
f 242/440/347 256/478/347 235/481/347
f 237/483/347 239/482/347 241/480/347
f 241/480/347 235/481/347 237/483/347
f 254/479/347 244/477/347 246/484/347
f 246/484/347 252/485/347 254/479/347
f 252/485/347 246/484/347 248/486/347
f 248/486/347 250/487/347 252/485/347
f 242/440/347 243/441/347 244/477/347
f 254/479/347 255/488/347 256/478/347
f 244/477/347 245/489/347 246/484/347
f 256/478/347 257/490/347 235/481/347
f 241/480/347 258/472/347 242/440/347
f 250/487/347 251/491/347 252/485/347
f 235/481/347 236/492/347 237/483/347
f 252/485/347 253/493/347 254/479/347
f 239/482/347 240/494/347 241/480/347
f 248/486/347 249/495/347 250/487/347
f 246/484/347 247/496/347 248/486/347
f 237/483/347 238/497/347 239/482/347
f 259/500/505 260/499/504 261/498/503
f 261/498/503 262/501/506 259/500/505
f 262/501/506 261/498/503 263/502/507
f 263/502/507 264/503/508 262/501/506
f 264/503/508 263/502/507 265/504/509
f 265/504/509 266/505/510 264/503/508
f 266/505/510 265/504/509 267/506/511
f 267/506/511 268/507/512 266/505/510
f 269/510/515 270/509/514 271/508/513
f 271/508/513 272/511/516 269/510/515
f 271/508/513 273/513/518 274/512/517
f 274/512/517 275/514/519 271/508/513
f 276/516/521 277/515/520 259/500/505
f 259/500/505 278/517/522 276/516/521
f 279/520/525 280/519/524 281/518/523
f 281/518/523 282/521/526 279/520/525
f 283/523/528 284/522/527 280/519/524
f 280/519/524 279/520/525 283/523/528
f 277/515/520 285/524/529 260/499/504
f 260/499/504 259/500/505 277/515/520
f 260/499/504 286/526/531 287/525/530
f 287/525/530 261/498/503 260/499/504
f 261/498/503 287/525/530 288/527/532
f 288/527/532 263/502/507 261/498/503
f 263/502/507 288/527/532 289/528/533
f 289/528/533 265/504/509 263/502/507
f 265/504/509 289/528/533 290/529/534
f 290/529/534 267/506/511 265/504/509
f 291/530/535 275/514/519 284/522/527
f 284/522/527 283/523/528 291/530/535
f 272/511/516 271/508/513 275/514/519
f 275/514/519 291/530/535 272/511/516
f 292/531/536 266/505/510 268/507/512
f 268/507/512 293/532/537 292/531/536
f 294/533/538 264/503/508 266/505/510
f 266/505/510 292/531/536 294/533/538
f 295/534/539 262/501/506 264/503/508
f 264/503/508 294/533/538 295/534/539
f 285/524/529 296/535/540 286/526/531
f 286/526/531 260/499/504 285/524/529
f 286/526/531 297/537/542 298/536/541
f 298/536/541 287/525/530 286/526/531
f 287/525/530 298/536/541 299/538/543
f 299/538/543 288/527/532 287/525/530
f 288/527/532 299/538/543 300/539/544
f 300/539/544 289/528/533 288/527/532
f 289/528/533 300/539/544 301/540/545
f 301/540/545 290/529/534 289/528/533
f 302/541/546 269/510/515 272/511/516
f 272/511/516 303/542/547 302/541/546
f 275/514/519 274/512/517 304/543/548
f 304/543/548 284/522/527 275/514/519
f 278/517/522 259/500/505 262/501/506
f 262/501/506 295/534/539 278/517/522
f 305/544/549 276/516/521 278/517/522
f 278/517/522 306/545/550 305/544/549
f 284/522/527 304/543/548 307/546/551
f 307/546/551 280/519/524 284/522/527
f 296/535/540 308/547/552 297/537/542
f 297/537/542 286/526/531 296/535/540
f 297/550/542 309/549/554 310/548/553
f 310/548/553 298/551/541 297/550/542
f 298/551/541 310/548/553 311/552/555
f 311/552/555 299/553/543 298/551/541
f 299/553/543 311/552/555 312/554/556
f 312/554/556 300/555/544 299/553/543
f 300/555/544 312/554/556 313/556/557
f 313/556/557 301/557/545 300/555/544
f 280/519/524 307/546/551 314/558/558
f 314/558/558 281/518/523 280/519/524
f 315/559/559 279/520/525 282/521/526
f 282/521/526 316/560/560 315/559/559
f 317/561/561 283/523/528 279/520/525
f 279/520/525 315/559/559 317/561/561
f 318/562/562 292/531/536 293/532/537
f 293/532/537 319/563/563 318/562/562
f 320/564/564 294/533/538 292/531/536
f 292/531/536 318/562/562 320/564/564
f 308/566/552 321/565/565 309/549/554
f 309/549/554 297/550/542 308/566/552
f 309/549/554 322/568/567 323/567/566
f 323/567/566 310/548/553 309/549/554
f 310/548/553 323/567/566 324/569/568
f 324/569/568 311/552/555 310/548/553
f 311/552/555 324/569/568 325/570/569
f 325/570/569 312/554/556 311/552/555
f 312/554/556 325/570/569 326/571/570
f 326/571/570 313/556/557 312/554/556
f 327/572/571 291/530/535 283/523/528
f 283/523/528 317/561/561 327/572/571
f 303/542/547 272/511/516 291/530/535
f 291/530/535 327/572/571 303/542/547
f 328/573/572 295/534/539 294/533/538
f 294/533/538 320/564/564 328/573/572
f 306/545/550 278/517/522 295/534/539
f 295/534/539 328/573/572 306/545/550
f 329/574/573 305/544/549 306/545/550
f 306/545/550 273/513/518 329/574/573
f 321/565/565 330/575/574 322/568/567
f 322/568/567 309/549/554 321/565/565
f 322/568/567 331/577/576 332/576/575
f 332/576/575 323/567/566 322/568/567
f 323/567/566 332/576/575 333/578/577
f 333/578/577 324/569/568 323/567/566
f 324/569/568 333/578/577 334/579/578
f 334/579/578 325/570/569 324/569/568
f 325/570/569 334/579/578 335/580/579
f 335/580/579 326/571/570 325/570/569
f 336/581/580 302/541/546 303/542/547
f 303/542/547 337/582/581 336/581/580
f 270/509/514 329/574/573 273/513/518
f 273/513/518 271/508/513 270/509/514
f 338/583/582 315/559/559 316/560/560
f 316/560/560 339/584/583 338/583/582
f 340/585/584 317/561/561 315/559/559
f 315/559/559 338/583/582 340/585/584
f 307/546/551 318/562/562 319/563/563
f 319/563/563 314/558/558 307/546/551
f 330/575/574 341/586/585 331/577/576
f 331/577/576 322/568/567 330/575/574
f 331/577/576 337/582/581 342/587/586
f 342/587/586 332/576/575 331/577/576
f 332/576/575 342/587/586 340/585/584
f 340/585/584 333/578/577 332/576/575
f 333/578/577 340/585/584 338/583/582
f 338/583/582 334/579/578 333/578/577
f 334/579/578 338/583/582 339/584/583
f 339/584/583 335/580/579 334/579/578
f 342/587/586 327/572/571 317/561/561
f 317/561/561 340/585/584 342/587/586
f 337/582/581 303/542/547 327/572/571
f 327/572/571 342/587/586 337/582/581
f 304/543/548 320/564/564 318/562/562
f 318/562/562 307/546/551 304/543/548
f 274/512/517 328/573/572 320/564/564
f 320/564/564 304/543/548 274/512/517
f 273/513/518 306/545/550 328/573/572
f 328/573/572 274/512/517 273/513/518
f 341/586/585 336/581/580 337/582/581
f 337/582/581 331/577/576 341/586/585
f 343/590/589 344/589/588 345/588/587
f 343/590/589 345/588/587 346/591/590
f 343/590/589 346/591/590 347/592/591
f 343/590/589 347/592/591 348/593/592
f 343/590/589 348/593/592 349/594/593
f 349/594/593 350/596/595 351/595/594
f 349/594/593 351/595/594 352/597/596
f 349/594/593 352/597/596 353/598/597
f 353/598/597 354/600/599 355/599/598
f 353/598/597 355/599/598 356/601/600
f 353/598/597 356/601/600 357/602/601
f 353/598/597 357/602/601 358/603/602
f 358/603/602 343/590/589 349/594/593
f 358/603/602 349/594/593 353/598/597
f 359/606/605 360/605/604 361/604/603
f 361/604/603 362/607/606 359/606/605
f 363/610/609 364/609/608 365/608/607
f 365/608/607 366/611/610 363/610/609
f 367/614/613 368/613/612 361/612/611
f 367/614/613 361/612/611 360/615/614
f 367/614/613 360/615/614 365/616/615
f 367/614/613 365/616/615 364/617/616
f 367/614/613 364/617/616 369/618/617
f 369/618/617 370/620/619 371/619/618
f 369/618/617 371/619/618 372/621/620
f 369/618/617 372/621/620 373/622/621
f 373/622/621 374/624/623 375/623/622
f 373/622/621 375/623/622 376/625/624
f 373/622/621 376/625/624 377/626/625
f 373/622/621 377/626/625 378/627/626
f 378/627/626 367/614/613 369/618/617
f 369/618/617 373/622/621 378/627/626
f 379/630/629 380/629/628 381/628/627
f 381/628/627 382/631/630 379/630/629
f 383/634/633 351/633/632 350/632/631
f 350/632/631 379/630/634 383/634/633
f 384/636/637 385/635/636 362/607/635
f 362/607/635 386/637/638 384/636/637
f 387/640/641 388/639/640 343/638/639
f 343/638/639 358/641/642 387/640/641
f 345/588/587 344/589/588 389/642/643
f 389/642/643 390/643/644 345/588/587
f 391/646/647 392/645/646 393/644/645
f 393/644/645 394/647/648 391/646/647
f 395/650/651 396/649/650 387/648/649
f 387/648/649 397/651/652 395/650/651
f 350/632/631 349/652/654 380/629/653
f 380/629/653 379/630/634 350/632/631
f 398/654/657 394/647/656 373/653/655
f 373/653/655 372/655/658 398/654/657
f 399/658/661 400/657/660 401/656/659
f 401/656/659 389/659/662 399/658/661
f 402/660/663 391/646/647 394/647/648
f 394/647/648 398/654/664 402/660/663
f 396/663/667 395/662/666 378/661/665
f 378/661/665 377/664/668 396/663/667
f 403/666/670 404/665/669 395/650/651
f 395/650/651 397/651/652 403/666/670
f 400/669/671 399/668/672 405/667/671
f 405/667/671 406/670/673 400/669/671
f 407/671/674 396/663/667 377/664/668
f 377/664/668 376/672/675 407/671/674
f 388/675/640 408/674/677 344/673/676
f 344/673/676 343/676/639 388/675/640
f 409/679/678 407/678/674 376/677/675
f 376/677/675 375/680/679 409/679/678
f 405/683/682 409/682/681 375/681/680
f 375/681/680 410/684/683 405/683/682
f 408/685/684 399/658/661 389/659/662
f 389/659/662 344/686/685 408/685/684
f 410/684/683 411/688/687 406/687/686
f 406/687/686 405/683/682 410/684/683
f 412/691/688 384/690/688 386/689/688
f 386/689/688 413/692/688 412/691/688
f 388/695/691 387/694/690 396/693/689
f 396/693/689 407/696/692 388/695/691
f 408/697/693 388/695/691 407/696/692
f 407/696/692 409/698/694 408/697/693
f 409/698/695 405/667/696 399/668/695
f 399/668/695 408/697/697 409/698/695
f 414/699/698 380/629/653 349/652/654
f 349/652/654 348/700/699 414/699/698
f 361/612/611 368/613/612 411/701/700
f 411/701/700 415/702/701 361/612/611
f 393/644/704 413/704/703 416/703/702
f 416/703/702 374/705/705 393/644/704
f 397/706/706 387/640/641 358/641/642
f 358/641/642 357/707/707 397/706/706
f 379/630/629 382/631/630 363/610/708
f 363/610/708 383/634/709 379/630/629
f 383/634/709 363/610/708 366/611/710
f 366/611/710 417/708/711 383/634/709
f 402/660/712 414/699/698 348/700/699
f 348/700/699 347/709/713 402/660/712
f 380/629/628 414/699/715 418/710/714
f 418/710/714 381/628/627 380/629/628
f 418/710/716 398/654/657 372/655/658
f 372/655/658 371/711/717 418/710/716
f 414/699/715 402/660/663 398/654/664
f 398/654/664 418/710/714 414/699/715
f 374/624/623 416/713/719 410/712/718
f 410/712/718 375/623/622 374/624/623
f 391/646/720 402/660/712 347/709/713
f 347/709/713 346/714/721 391/646/720
f 419/716/722 420/715/723 400/669/722
f 400/669/722 406/670/724 419/716/722
f 370/718/727 369/717/726 382/631/725
f 382/631/725 381/628/728 370/718/727
f 362/607/606 361/604/603 415/719/729
f 415/719/729 386/637/730 362/607/606
f 382/631/725 369/717/726 364/609/608
f 364/609/608 363/610/609 382/631/725
f 394/647/656 393/644/704 374/705/705
f 374/705/705 373/653/655 394/647/656
f 412/720/732 413/704/731 393/644/645
f 393/644/645 392/645/646 412/720/732
f 421/723/735 353/722/734 352/721/733
f 352/721/733 417/708/736 421/723/735
f 381/628/728 418/710/716 371/711/717
f 371/711/717 370/718/727 381/628/728
f 392/645/737 391/646/720 346/714/721
f 346/714/721 345/724/738 392/645/737
f 412/720/739 392/645/737 345/724/738
f 345/724/738 390/725/740 412/720/739
f 384/636/743 422/727/742 354/726/741
f 354/726/741 385/635/744 384/636/743
f 413/692/745 386/689/746 415/702/745
f 415/702/745 416/713/747 413/692/745
f 412/730/688 384/729/688 386/728/688
f 386/728/688 413/731/688 412/730/688
f 417/708/736 352/721/733 351/633/632
f 351/633/632 383/634/633 417/708/736
f 401/733/749 422/732/748 390/643/644
f 390/643/644 389/642/643 401/733/749
f 411/701/700 410/712/718 416/713/719
f 416/713/719 415/702/701 411/701/700
f 397/706/706 357/707/707 356/734/750
f 356/734/750 403/735/751 397/706/706
f 354/600/599 422/732/748 401/733/749
f 401/733/749 355/599/598 354/600/599
f 421/723/753 359/606/752 362/607/635
f 362/607/635 385/635/636 421/723/753
f 366/611/610 365/608/607 360/605/604
f 360/605/604 359/606/605 366/611/610
f 384/690/754 412/691/755 390/643/754
f 390/643/754 422/732/756 384/690/754
f 417/708/711 366/611/710 359/606/752
f 359/606/752 421/723/753 417/708/711
f 420/715/758 419/716/757 404/665/669
f 404/665/669 403/666/670 420/715/758
f 385/635/744 354/726/741 353/722/734
f 353/722/734 421/723/735 385/635/744
f 404/737/760 367/736/759 378/661/665
f 378/661/665 395/662/666 404/737/760
f 403/735/751 356/734/750 355/738/761
f 355/738/761 420/739/762 403/735/751
f 419/741/764 368/740/763 367/736/759
f 367/736/759 404/737/760 419/741/764
f 406/743/686 411/742/687 368/740/765
f 368/740/765 419/741/766 406/743/686
f 420/739/768 355/738/767 401/744/659
f 401/744/659 400/745/660 420/739/768
f 423/748/352 424/747/352 425/746/352
f 425/746/352 426/749/352 423/748/352
f 427/752/352 428/751/352 429/750/352
f 430/753/352 424/747/352 423/748/352
f 423/748/352 431/754/352 430/753/352
f 430/753/352 431/754/352 432/755/352
f 432/755/352 433/756/352 430/753/352
f 434/759/769 435/758/352 436/757/352
f 436/757/352 437/760/770 434/759/769
f 438/761/352 427/752/352 429/750/352
f 429/750/352 439/762/352 438/761/352
f 440/764/352 439/762/352 441/763/352
f 441/763/352 442/765/352 440/764/352
f 440/764/352 438/761/352 439/762/352
f 436/757/352 443/767/352 444/766/352
f 444/766/352 445/768/352 436/757/352
f 436/757/352 435/758/352 443/767/352
f 437/760/770 446/769/771 434/759/769
f 434/759/769 427/752/352 438/761/352
f 438/761/352 435/758/352 434/759/769
f 447/772/347 448/771/347 449/770/347
f 450/775/347 451/774/347 452/773/347
f 452/773/347 453/776/347 450/775/347
f 454/779/774 455/778/773 456/777/772
f 456/777/772 457/780/775 454/779/774
f 458/783/778 459/782/777 460/781/776
f 460/781/776 461/784/779 458/783/778
f 462/787/782 463/786/781 464/785/780
f 464/785/780 465/788/783 462/787/782
f 466/789/786 459/782/785 458/783/784
f 458/783/784 467/790/787 466/789/786
f 468/793/790 424/792/789 434/791/788
f 434/791/788 469/794/791 468/793/790
f 463/786/781 470/796/793 471/795/792
f 471/795/792 464/785/780 463/786/781
f 426/798/796 454/779/795 472/797/794
f 472/797/794 423/799/797 426/798/796
f 473/802/800 447/801/799 450/800/798
f 450/800/798 474/803/801 473/802/800
f 472/797/802 454/779/774 457/780/775
f 457/780/775 475/804/803 472/797/802
f 470/796/793 476/806/805 477/805/804
f 477/805/804 471/795/792 470/796/793
f 467/790/808 445/808/807 444/807/806
f 444/807/806 466/789/809 467/790/808
f 478/811/812 479/810/811 480/809/810
f 480/809/810 481/812/813 478/811/812
f 482/815/816 483/814/815 441/813/814
f 441/813/814 439/816/817 482/815/816
f 484/819/820 443/818/819 435/817/818
f 435/817/818 485/820/821 484/819/820
f 486/823/824 487/822/823 488/821/822
f 488/821/822 489/824/822 486/823/824
f 490/826/827 488/821/826 491/825/825
f 491/825/825 451/827/828 490/826/827
f 479/810/811 492/829/830 493/828/829
f 493/828/829 480/809/810 479/810/811
f 492/829/830 490/826/827 451/827/828
f 451/827/828 493/828/829 492/829/830
f 494/830/831 489/824/822 488/821/822
f 488/821/822 490/826/831 494/830/831
f 495/833/833 496/832/833 497/831/832
f 497/831/832 498/834/834 495/833/833
f 494/830/831 490/826/831 492/829/835
f 492/829/835 499/835/835 494/830/831
f 456/777/836 474/803/801 450/800/798
f 450/800/798 500/836/837 456/777/836
f 425/837/838 424/792/789 468/793/790
f 468/793/790 455/778/839 425/837/838
f 469/794/842 501/839/841 502/838/840
f 502/838/840 473/802/843 469/794/842
f 503/840/844 499/835/835 492/829/835
f 492/829/835 479/810/845 503/840/844
f 446/843/848 437/842/847 504/841/846
f 504/841/846 501/839/849 446/843/848
f 504/841/852 505/845/851 506/844/850
f 506/844/850 507/846/853 504/841/852
f 508/847/854 503/840/844 479/810/845
f 479/810/845 478/811/854 508/847/854
f 508/847/854 478/811/854 509/848/855
f 509/848/855 482/815/856 508/847/854
f 501/839/849 469/794/791 434/791/788
f 434/791/788 446/843/848 501/839/849
f 455/778/773 468/793/858 474/803/857
f 474/803/857 456/777/772 455/778/773
f 504/841/846 437/842/847 436/849/859
f 436/849/859 505/845/860 504/841/846
f 483/814/861 482/815/856 509/848/855
f 509/848/855 476/806/862 483/814/861
f 459/782/777 498/834/834 497/831/832
f 497/831/832 460/781/776 459/782/777
f 487/822/865 510/851/864 452/850/863
f 452/850/863 511/852/866 487/822/865
f 488/821/826 487/822/865 511/852/866
f 511/852/866 491/825/825 488/821/826
f 512/853/867 483/814/861 476/806/862
f 476/806/862 470/796/868 512/853/867
f 468/793/858 469/794/842 473/802/843
f 473/802/843 474/803/857 468/793/858
f 513/854/869 512/853/867 470/796/868
f 470/796/868 463/786/869 513/854/869
f 513/854/869 463/786/869 462/787/870
f 462/787/870 514/855/870 513/854/869
f 509/848/871 478/811/812 481/812/813
f 481/812/813 515/856/872 509/848/871
f 467/790/808 505/845/860 436/849/859
f 436/849/859 445/808/807 467/790/808
f 506/844/875 516/858/874 449/857/873
f 449/857/873 507/846/876 506/844/875
f 501/839/841 504/841/852 507/846/853
f 507/846/853 502/838/840 501/839/841
f 508/847/877 482/815/816 439/816/817
f 439/816/817 429/859/878 508/847/877
f 503/840/879 508/847/877 429/859/878
f 429/859/878 428/860/880 503/840/879
f 486/823/824 517/861/882 510/851/881
f 510/851/881 487/822/823 486/823/824
f 475/804/884 453/863/883 452/862/863
f 452/862/863 510/864/864 475/804/884
f 502/838/885 507/846/876 449/857/873
f 449/857/873 448/865/886 502/838/885
f 486/823/889 489/824/888 433/866/887
f 433/866/887 432/867/890 486/823/889
f 506/844/875 458/783/778 461/784/779
f 461/784/779 516/858/874 506/844/875
f 430/868/891 433/866/887 489/824/888
f 489/824/888 494/830/892 430/868/891
f 456/777/836 500/836/837 518/869/893
f 518/869/893 457/780/894 456/777/836
f 483/814/815 512/853/896 442/870/895
f 442/870/895 441/813/814 483/814/815
f 476/806/805 509/848/871 515/856/872
f 515/856/872 477/805/804 476/806/805
f 499/835/897 503/840/879 428/860/880
f 428/860/880 427/871/898 499/835/897
f 466/789/786 484/819/900 498/834/899
f 498/834/899 459/782/785 466/789/786
f 513/854/903 514/855/902 438/872/901
f 438/872/901 440/873/904 513/854/903
f 505/845/851 467/790/787 458/783/784
f 458/783/784 506/844/850 505/845/851
f 457/780/894 518/869/893 453/863/883
f 453/863/883 475/804/884 457/780/894
f 472/797/794 517/875/906 431/874/905
f 431/874/905 423/799/797 472/797/794
f 517/861/906 486/823/889 432/867/890
f 432/867/890 431/876/905 517/861/906
f 494/830/892 499/835/897 427/871/898
f 427/871/898 430/868/891 494/830/892
f 448/865/886 447/801/799 473/802/800
f 473/802/800 502/838/885 448/865/886
f 454/779/795 426/798/796 425/837/838
f 425/837/838 455/778/839 454/779/795
f 517/875/882 472/797/802 475/804/803
f 475/804/803 510/864/881 517/875/882
f 484/819/900 485/820/908 495/833/907
f 495/833/907 498/834/899 484/819/900
f 466/789/809 444/807/806 443/818/819
f 443/818/819 484/819/820 466/789/809
f 512/853/896 513/854/903 440/873/904
f 440/873/904 442/870/895 512/853/896
f 465/788/783 496/832/833 495/833/833
f 495/833/833 462/787/782 465/788/783
f 462/787/870 495/833/907 485/820/908
f 485/820/908 514/855/870 462/787/870
f 514/855/902 485/820/821 435/817/818
f 435/817/818 438/872/901 514/855/902
f 481/879/347 480/878/347 493/877/347
f 497/882/347 516/881/347 461/880/347
f 461/880/347 460/883/347 497/882/347
f 515/886/347 464/885/909 471/884/347
f 471/884/347 477/887/347 515/886/347
f 515/886/347 465/888/347 464/885/909
f 516/881/347 497/882/347 496/889/347
f 493/877/347 465/888/347 515/886/347
f 515/886/347 481/879/347 493/877/347
f 450/775/347 453/776/347 518/890/347
f 518/890/347 500/891/347 450/775/347
f 496/889/347 447/772/347 449/770/347
f 449/770/347 516/881/347 496/889/347
f 447/772/347 493/877/347 451/774/347
f 451/774/347 450/775/347 447/772/347
f 452/773/347 451/774/347 491/892/347
f 491/892/347 511/893/347 452/773/347
f 493/877/347 447/772/347 496/889/347
f 496/889/347 465/888/347 493/877/347
f 424/747/352 430/753/352 427/752/352
f 427/752/352 434/759/769 424/747/352

